--
-- PostgreSQL database dump
--

-- Dumped from database version 9.6.1
-- Dumped by pg_dump version 9.6.1

SET statement_timeout = 0;
SET lock_timeout = 0;
SET idle_in_transaction_session_timeout = 0;
SET client_encoding = 'UTF8';
SET standard_conforming_strings = on;
SET check_function_bodies = false;
SET client_min_messages = warning;
SET row_security = off;

--
-- Name: plpgsql; Type: EXTENSION; Schema: -; Owner: 
--

CREATE EXTENSION IF NOT EXISTS plpgsql WITH SCHEMA pg_catalog;


--
-- Name: EXTENSION plpgsql; Type: COMMENT; Schema: -; Owner: 
--

COMMENT ON EXTENSION plpgsql IS 'PL/pgSQL procedural language';


SET search_path = public, pg_catalog;

SET default_tablespace = '';

SET default_with_oids = false;

--
-- Name: activities; Type: TABLE; Schema: public; Owner: jacqui
--

CREATE TABLE activities (
    activity_id integer NOT NULL,
    activity character varying(30),
    min_daily integer,
    max_daily integer,
    time_period character varying(30)
);


ALTER TABLE activities OWNER TO jacqui;

--
-- Name: activities_activity_id_seq; Type: SEQUENCE; Schema: public; Owner: jacqui
--

CREATE SEQUENCE activities_activity_id_seq
    START WITH 1
    INCREMENT BY 1
    NO MINVALUE
    NO MAXVALUE
    CACHE 1;


ALTER TABLE activities_activity_id_seq OWNER TO jacqui;

--
-- Name: activities_activity_id_seq; Type: SEQUENCE OWNED BY; Schema: public; Owner: jacqui
--

ALTER SEQUENCE activities_activity_id_seq OWNED BY activities.activity_id;


--
-- Name: entries; Type: TABLE; Schema: public; Owner: jacqui
--

CREATE TABLE entries (
    entry_id integer NOT NULL,
    user_id integer NOT NULL,
    pet_id integer NOT NULL,
    activity_id integer NOT NULL,
    occurred_at timestamp without time zone NOT NULL,
    logged_at timestamp without time zone NOT NULL,
    notes text
);


ALTER TABLE entries OWNER TO jacqui;

--
-- Name: entries_entry_id_seq; Type: SEQUENCE; Schema: public; Owner: jacqui
--

CREATE SEQUENCE entries_entry_id_seq
    START WITH 1
    INCREMENT BY 1
    NO MINVALUE
    NO MAXVALUE
    CACHE 1;


ALTER TABLE entries_entry_id_seq OWNER TO jacqui;

--
-- Name: entries_entry_id_seq; Type: SEQUENCE OWNED BY; Schema: public; Owner: jacqui
--

ALTER SEQUENCE entries_entry_id_seq OWNED BY entries.entry_id;


--
-- Name: pets; Type: TABLE; Schema: public; Owner: jacqui
--

CREATE TABLE pets (
    pet_id integer NOT NULL,
    first_name character varying(30) NOT NULL,
    last_name character varying(30) NOT NULL,
    animal character varying(30) NOT NULL,
    breed character varying(30),
    birthdate timestamp without time zone NOT NULL,
    bio text,
    profile_img character varying(256)
);


ALTER TABLE pets OWNER TO jacqui;

--
-- Name: pets_pet_id_seq; Type: SEQUENCE; Schema: public; Owner: jacqui
--

CREATE SEQUENCE pets_pet_id_seq
    START WITH 1
    INCREMENT BY 1
    NO MINVALUE
    NO MAXVALUE
    CACHE 1;


ALTER TABLE pets_pet_id_seq OWNER TO jacqui;

--
-- Name: pets_pet_id_seq; Type: SEQUENCE OWNED BY; Schema: public; Owner: jacqui
--

ALTER SEQUENCE pets_pet_id_seq OWNED BY pets.pet_id;


--
-- Name: pets_users; Type: TABLE; Schema: public; Owner: jacqui
--

CREATE TABLE pets_users (
    petuser_id integer NOT NULL,
    user_id integer NOT NULL,
    pet_id integer NOT NULL,
    role character varying(30) NOT NULL
);


ALTER TABLE pets_users OWNER TO jacqui;

--
-- Name: pets_users_petuser_id_seq; Type: SEQUENCE; Schema: public; Owner: jacqui
--

CREATE SEQUENCE pets_users_petuser_id_seq
    START WITH 1
    INCREMENT BY 1
    NO MINVALUE
    NO MAXVALUE
    CACHE 1;


ALTER TABLE pets_users_petuser_id_seq OWNER TO jacqui;

--
-- Name: pets_users_petuser_id_seq; Type: SEQUENCE OWNED BY; Schema: public; Owner: jacqui
--

ALTER SEQUENCE pets_users_petuser_id_seq OWNED BY pets_users.petuser_id;


--
-- Name: users; Type: TABLE; Schema: public; Owner: jacqui
--

CREATE TABLE users (
    user_id integer NOT NULL,
    first_name character varying(30) NOT NULL,
    last_name character varying(30) NOT NULL,
    username character varying(30) NOT NULL,
    email character varying(64) NOT NULL,
    password character varying(64) NOT NULL,
    profile_img character varying(256),
    created_at timestamp without time zone
);


ALTER TABLE users OWNER TO jacqui;

--
-- Name: users_user_id_seq; Type: SEQUENCE; Schema: public; Owner: jacqui
--

CREATE SEQUENCE users_user_id_seq
    START WITH 1
    INCREMENT BY 1
    NO MINVALUE
    NO MAXVALUE
    CACHE 1;


ALTER TABLE users_user_id_seq OWNER TO jacqui;

--
-- Name: users_user_id_seq; Type: SEQUENCE OWNED BY; Schema: public; Owner: jacqui
--

ALTER SEQUENCE users_user_id_seq OWNED BY users.user_id;


--
-- Name: activities activity_id; Type: DEFAULT; Schema: public; Owner: jacqui
--

ALTER TABLE ONLY activities ALTER COLUMN activity_id SET DEFAULT nextval('activities_activity_id_seq'::regclass);


--
-- Name: entries entry_id; Type: DEFAULT; Schema: public; Owner: jacqui
--

ALTER TABLE ONLY entries ALTER COLUMN entry_id SET DEFAULT nextval('entries_entry_id_seq'::regclass);


--
-- Name: pets pet_id; Type: DEFAULT; Schema: public; Owner: jacqui
--

ALTER TABLE ONLY pets ALTER COLUMN pet_id SET DEFAULT nextval('pets_pet_id_seq'::regclass);


--
-- Name: pets_users petuser_id; Type: DEFAULT; Schema: public; Owner: jacqui
--

ALTER TABLE ONLY pets_users ALTER COLUMN petuser_id SET DEFAULT nextval('pets_users_petuser_id_seq'::regclass);


--
-- Name: users user_id; Type: DEFAULT; Schema: public; Owner: jacqui
--

ALTER TABLE ONLY users ALTER COLUMN user_id SET DEFAULT nextval('users_user_id_seq'::regclass);


--
-- Data for Name: activities; Type: TABLE DATA; Schema: public; Owner: jacqui
--

COPY activities (activity_id, activity, min_daily, max_daily, time_period) FROM stdin;
1	#1	\N	\N	\N
2	#2	\N	\N	\N
3	food	1	2	\N
4	walk	\N	\N	\N
5	meds	1	1	\N
6	litter change	\N	\N	\N
8	dental care	2	\N	week
7	vet visit	2	\N	year
\.


--
-- Name: activities_activity_id_seq; Type: SEQUENCE SET; Schema: public; Owner: jacqui
--

SELECT pg_catalog.setval('activities_activity_id_seq', 8, true);


--
-- Data for Name: entries; Type: TABLE DATA; Schema: public; Owner: jacqui
--

COPY entries (entry_id, user_id, pet_id, activity_id, occurred_at, logged_at, notes) FROM stdin;
3	1	1	3	2016-12-25 17:16:03.530451	2016-12-25 17:16:03.530456	\N
4	1	1	2	2016-12-25 17:54:47.467784	2016-12-25 17:54:47.467791	\N
5	1	1	2	2016-12-25 17:56:18.856105	2016-12-25 17:56:18.856111	\N
6	1	1	1	2016-12-25 17:56:55.444368	2016-12-25 17:56:55.44439	\N
7	1	1	1	2016-12-26 11:26:06.076231	2016-12-26 11:26:06.076238	\N
8	1	1	3	2016-12-26 17:28:37.584358	2016-12-26 17:28:37.584365	\N
9	1	1	1	2016-12-26 17:51:55.324517	2016-12-26 17:51:55.324523	\N
10	2	1	1	2016-10-24 16:30:00	2016-10-24 16:30:00	\N
11	2	1	2	2016-10-24 16:30:00	2016-10-24 16:30:00	\N
12	2	1	3	2016-10-24 16:30:00	2016-10-24 16:30:00	\N
13	2	1	1	2016-10-18 16:54:00	2016-10-18 16:54:00	\N
14	2	1	3	2016-10-18 16:54:00	2016-10-18 16:54:00	\N
15	4	1	1	2016-10-25 15:25:00	2016-10-25 15:25:00	\N
16	5	1	1	2016-10-25 08:30:00	2016-10-25 08:30:00	\N
17	5	1	3	2016-10-25 08:30:00	2016-10-25 08:30:00	\N
18	4	1	1	2016-10-24 20:51:00	2016-10-24 20:51:00	\N
19	2	1	3	2016-10-24 17:15:00	2016-10-24 17:15:00	\N
20	2	1	1	2016-10-24 16:30:00	2016-10-24 16:30:00	\N
21	2	1	2	2016-10-24 16:30:00	2016-10-24 16:30:00	\N
22	4	1	3	2016-10-24 07:30:00	2016-10-24 07:30:00	\N
23	4	1	1	2016-10-22 22:28:00	2016-10-22 22:28:00	\N
24	4	1	1	2016-10-22 17:30:00	2016-10-22 17:30:00	\N
25	4	1	3	2016-10-22 17:30:00	2016-10-22 17:30:00	\N
26	4	1	1	2016-10-22 13:00:00	2016-10-22 13:00:00	\N
27	4	1	2	2016-10-22 13:00:00	2016-10-22 13:00:00	\N
28	4	1	1	2016-10-22 08:00:00	2016-10-22 08:00:00	\N
29	4	1	3	2016-10-22 08:00:00	2016-10-22 08:00:00	\N
30	4	1	1	2016-10-21 15:33:00	2016-10-21 15:33:00	\N
31	4	1	2	2016-10-21 15:33:00	2016-10-21 15:33:00	\N
32	4	1	1	2016-10-21 08:16:00	2016-10-21 08:16:00	\N
33	4	1	3	2016-10-21 08:16:00	2016-10-21 08:16:00	\N
34	5	1	1	2016-10-20 20:06:00	2016-10-20 20:06:00	\N
35	4	1	1	2016-10-20 20:01:00	2016-10-20 20:01:00	\N
36	4	1	1	2016-10-20 11:30:00	2016-10-20 11:30:00	\N
37	4	1	2	2016-10-20 11:30:00	2016-10-20 11:30:00	\N
38	4	1	1	2016-10-20 08:00:00	2016-10-20 08:00:00	\N
39	4	1	3	2016-10-20 08:00:00	2016-10-20 08:00:00	\N
40	4	1	1	2016-10-19 08:00:00	2016-10-19 08:00:00	\N
41	4	1	3	2016-10-19 08:00:00	2016-10-19 08:00:00	\N
42	4	1	1	2016-10-18 21:48:00	2016-10-18 21:48:00	\N
43	5	1	2	2016-10-18 19:36:00	2016-10-18 19:36:00	\N
44	2	1	1	2016-10-18 16:54:00	2016-10-18 16:54:00	\N
45	2	1	3	2016-10-18 16:54:00	2016-10-18 16:54:00	\N
46	2	1	1	2016-10-18 07:15:00	2016-10-18 07:15:00	\N
47	2	1	3	2016-10-18 07:15:00	2016-10-18 07:15:00	\N
48	5	1	1	2016-10-17 19:58:00	2016-10-17 19:58:00	\N
49	4	1	2	2016-10-17 18:00:00	2016-10-17 18:00:00	\N
50	4	1	2	2016-10-17 16:13:00	2016-10-17 16:13:00	\N
51	2	1	1	2016-10-17 07:25:00	2016-10-17 07:25:00	\N
52	2	1	3	2016-10-17 07:25:00	2016-10-17 07:25:00	\N
53	2	1	1	2016-10-16 21:57:00	2016-10-16 21:57:00	\N
54	5	1	1	2016-10-16 19:57:00	2016-10-16 19:57:00	\N
55	2	1	1	2016-10-16 18:57:00	2016-10-16 18:57:00	\N
56	2	1	3	2016-10-16 17:01:00	2016-10-16 17:01:00	\N
57	2	1	2	2016-10-16 16:30:00	2016-10-16 16:30:00	\N
58	2	1	2	2016-10-16 16:20:00	2016-10-16 16:20:00	\N
59	4	1	1	2016-10-16 15:42:00	2016-10-16 15:42:00	\N
60	5	1	1	2016-10-16 13:52:00	2016-10-16 13:52:00	\N
61	2	1	1	2016-10-16 08:56:00	2016-10-16 08:56:00	\N
62	2	1	3	2016-10-16 08:56:00	2016-10-16 08:56:00	\N
63	4	1	2	2016-10-15 21:34:00	2016-10-15 21:34:00	\N
64	5	1	1	2016-10-15 20:30:00	2016-10-15 20:30:00	\N
65	4	1	1	2016-10-15 17:25:00	2016-10-15 17:25:00	\N
66	2	1	3	2016-10-15 16:54:00	2016-10-15 16:54:00	\N
67	5	1	2	2016-10-15 11:49:00	2016-10-15 11:49:00	\N
68	4	1	1	2016-10-15 08:28:00	2016-10-15 08:28:00	\N
69	4	1	3	2016-10-15 08:28:00	2016-10-15 08:28:00	\N
70	4	1	1	2016-10-14 22:04:00	2016-10-14 22:04:00	\N
71	4	1	2	2016-10-14 22:04:00	2016-10-14 22:04:00	\N
72	5	1	1	2016-10-14 19:41:00	2016-10-14 19:41:00	\N
73	2	1	3	2016-10-14 17:15:00	2016-10-14 17:15:00	\N
74	4	1	1	2016-10-14 14:09:00	2016-10-14 14:09:00	\N
75	4	1	2	2016-10-14 12:22:00	2016-10-14 12:22:00	\N
76	2	1	1	2016-10-14 08:24:00	2016-10-14 08:24:00	\N
77	2	1	3	2016-10-14 08:24:00	2016-10-14 08:24:00	\N
78	5	1	1	2016-10-13 20:57:00	2016-10-13 20:57:00	\N
79	5	1	1	2016-10-13 18:44:00	2016-10-13 18:44:00	\N
80	5	1	3	2016-10-13 18:44:00	2016-10-13 18:44:00	\N
81	2	1	1	2016-10-13 14:30:00	2016-10-13 14:30:00	\N
82	2	1	2	2016-10-13 14:30:00	2016-10-13 14:30:00	\N
83	2	1	1	2016-10-13 07:15:00	2016-10-13 07:15:00	\N
84	2	1	2	2016-10-13 07:15:00	2016-10-13 07:15:00	\N
85	4	1	1	2016-10-12 21:25:00	2016-10-12 21:25:00	\N
86	5	1	3	2016-10-12 16:57:00	2016-10-12 16:57:00	\N
87	4	1	1	2016-10-12 14:58:00	2016-10-12 14:58:00	\N
88	4	1	2	2016-10-12 14:58:00	2016-10-12 14:58:00	\N
89	4	1	1	2016-10-12 08:30:00	2016-10-12 08:30:00	\N
90	4	1	3	2016-10-12 08:30:00	2016-10-12 08:30:00	\N
91	4	1	1	2016-10-11 21:13:00	2016-10-11 21:13:00	\N
92	2	1	3	2016-10-11 16:52:00	2016-10-11 16:52:00	\N
93	2	1	1	2016-10-11 15:00:00	2016-10-11 15:00:00	\N
94	2	1	2	2016-10-11 11:15:00	2016-10-11 11:15:00	\N
95	2	1	1	2016-10-11 07:19:00	2016-10-11 07:19:00	\N
96	2	1	3	2016-10-11 07:19:00	2016-10-11 07:19:00	\N
97	4	1	2	2016-10-10 22:30:00	2016-10-10 22:30:00	\N
98	5	1	1	2016-10-10 18:47:00	2016-10-10 18:47:00	\N
99	2	1	3	2016-10-10 16:58:00	2016-10-10 16:58:00	\N
100	4	1	1	2016-10-10 15:53:00	2016-10-10 15:53:00	\N
101	2	1	1	2016-10-10 12:15:00	2016-10-10 12:15:00	\N
102	2	1	2	2016-10-10 12:15:00	2016-10-10 12:15:00	\N
103	2	1	1	2016-10-10 07:57:00	2016-10-10 07:57:00	\N
104	2	1	2	2016-10-10 07:57:00	2016-10-10 07:57:00	\N
105	2	1	3	2016-10-10 07:57:00	2016-10-10 07:57:00	\N
106	4	1	1	2016-10-09 18:00:00	2016-10-09 18:00:00	\N
107	4	1	2	2016-10-09 18:00:00	2016-10-09 18:00:00	\N
108	2	1	3	2016-10-09 16:50:00	2016-10-09 16:50:00	\N
109	4	1	1	2016-10-09 08:44:00	2016-10-09 08:44:00	\N
110	4	1	3	2016-10-09 08:44:00	2016-10-09 08:44:00	\N
111	4	1	1	2016-10-08 22:17:00	2016-10-08 22:17:00	\N
112	2	1	1	2016-10-08 20:30:00	2016-10-08 20:30:00	\N
113	2	1	2	2016-10-08 20:30:00	2016-10-08 20:30:00	\N
114	2	1	3	2016-10-08 20:30:00	2016-10-08 20:30:00	\N
115	4	1	1	2016-10-08 13:09:00	2016-10-08 13:09:00	\N
116	5	1	1	2016-10-07 20:08:00	2016-10-07 20:08:00	\N
117	2	1	1	2016-10-07 13:43:00	2016-10-07 13:43:00	\N
118	2	1	2	2016-10-07 13:43:00	2016-10-07 13:43:00	\N
119	4	1	2	2016-10-07 09:56:00	2016-10-07 09:56:00	\N
120	4	1	1	2016-10-07 08:46:00	2016-10-07 08:46:00	\N
121	4	1	3	2016-10-07 08:46:00	2016-10-07 08:46:00	\N
122	4	1	1	2016-10-06 20:57:00	2016-10-06 20:57:00	\N
123	4	1	3	2016-10-06 16:59:00	2016-10-06 16:59:00	\N
124	4	1	1	2016-10-06 15:46:00	2016-10-06 15:46:00	\N
125	4	1	2	2016-10-06 15:46:00	2016-10-06 15:46:00	\N
126	4	1	1	2016-10-06 11:30:00	2016-10-06 11:30:00	\N
127	2	1	1	2016-10-06 07:30:00	2016-10-06 07:30:00	\N
128	2	1	2	2016-10-06 07:30:00	2016-10-06 07:30:00	\N
129	2	1	3	2016-10-06 07:30:00	2016-10-06 07:30:00	\N
130	5	1	1	2016-10-05 21:36:00	2016-10-05 21:36:00	\N
131	5	1	1	2016-10-05 17:30:00	2016-10-05 17:30:00	\N
132	5	1	2	2016-10-05 17:30:00	2016-10-05 17:30:00	\N
133	5	1	3	2016-10-05 17:30:00	2016-10-05 17:30:00	\N
134	2	1	1	2016-10-05 08:18:00	2016-10-05 08:18:00	\N
135	2	1	3	2016-10-05 08:18:00	2016-10-05 08:18:00	\N
136	5	1	1	2016-10-04 23:11:00	2016-10-04 23:11:00	\N
137	5	1	2	2016-10-04 22:02:00	2016-10-04 22:02:00	\N
138	5	1	1	2016-10-04 17:07:00	2016-10-04 17:07:00	\N
139	5	1	3	2016-10-04 17:07:00	2016-10-04 17:07:00	\N
140	2	1	2	2016-10-04 09:57:00	2016-10-04 09:57:00	\N
141	2	1	1	2016-10-04 07:30:00	2016-10-04 07:30:00	\N
142	2	1	3	2016-10-04 07:30:00	2016-10-04 07:30:00	\N
143	2	1	2	2016-10-03 16:00:00	2016-10-03 16:00:00	\N
144	2	1	2	2016-10-03 15:50:00	2016-10-03 15:50:00	\N
145	2	1	1	2016-10-03 15:30:00	2016-10-03 15:30:00	\N
146	2	1	2	2016-10-03 15:30:00	2016-10-03 15:30:00	\N
147	2	1	1	2016-10-03 08:33:00	2016-10-03 08:33:00	\N
148	2	1	3	2016-10-03 08:33:00	2016-10-03 08:33:00	\N
149	5	1	1	2016-10-02 21:03:00	2016-10-02 21:03:00	\N
150	4	1	1	2016-10-02 16:36:00	2016-10-02 16:36:00	\N
151	4	1	3	2016-10-02 16:36:00	2016-10-02 16:36:00	\N
152	2	1	1	2016-10-02 14:18:00	2016-10-02 14:18:00	\N
153	2	1	2	2016-10-02 14:18:00	2016-10-02 14:18:00	\N
154	4	1	1	2016-10-02 08:30:00	2016-10-02 08:30:00	\N
155	4	1	3	2016-10-02 08:30:00	2016-10-02 08:30:00	\N
156	4	1	1	2016-10-01 21:38:00	2016-10-01 21:38:00	\N
157	2	1	1	2016-10-01 19:56:00	2016-10-01 19:56:00	\N
158	2	1	2	2016-10-01 19:56:00	2016-10-01 19:56:00	\N
159	2	1	3	2016-10-01 16:45:00	2016-10-01 16:45:00	\N
160	2	1	1	2016-10-01 14:51:00	2016-10-01 14:51:00	\N
161	5	1	1	2016-10-01 08:51:00	2016-10-01 08:51:00	\N
162	4	1	1	2016-10-01 08:41:00	2016-10-01 08:41:00	\N
163	4	1	2	2016-10-01 08:41:00	2016-10-01 08:41:00	\N
164	4	1	3	2016-10-01 08:41:00	2016-10-01 08:41:00	\N
165	5	1	1	2016-09-30 21:07:00	2016-09-30 21:07:00	\N
166	5	1	3	2016-09-30 16:42:00	2016-09-30 16:42:00	\N
167	5	1	1	2016-09-30 16:33:00	2016-09-30 16:33:00	\N
168	2	1	1	2016-09-30 14:45:00	2016-09-30 14:45:00	\N
169	2	1	2	2016-09-30 14:45:00	2016-09-30 14:45:00	\N
170	4	1	1	2016-09-30 13:01:00	2016-09-30 13:01:00	\N
171	4	1	2	2016-09-30 13:01:00	2016-09-30 13:01:00	\N
172	2	1	1	2016-09-30 07:24:00	2016-09-30 07:24:00	\N
173	2	1	3	2016-09-30 07:24:00	2016-09-30 07:24:00	\N
174	5	1	2	2016-09-29 21:51:00	2016-09-29 21:51:00	\N
175	2	1	1	2016-09-29 19:54:00	2016-09-29 19:54:00	\N
176	5	1	1	2016-09-29 17:01:00	2016-09-29 17:01:00	\N
177	5	1	3	2016-09-29 17:01:00	2016-09-29 17:01:00	\N
178	2	1	1	2016-09-29 14:09:00	2016-09-29 14:09:00	\N
179	2	1	2	2016-09-29 14:09:00	2016-09-29 14:09:00	\N
180	2	1	1	2016-09-29 07:25:00	2016-09-29 07:25:00	\N
181	2	1	2	2016-09-29 07:25:00	2016-09-29 07:25:00	\N
182	2	1	3	2016-09-29 07:25:00	2016-09-29 07:25:00	\N
183	4	1	1	2016-09-28 22:06:00	2016-09-28 22:06:00	\N
184	4	1	2	2016-09-28 22:06:00	2016-09-28 22:06:00	\N
185	2	1	1	2016-09-28 20:45:00	2016-09-28 20:45:00	\N
186	2	1	3	2016-09-28 20:45:00	2016-09-28 20:45:00	\N
187	5	1	1	2016-09-28 20:00:00	2016-09-28 20:00:00	\N
188	5	1	1	2016-09-28 17:55:00	2016-09-28 17:55:00	\N
189	5	1	2	2016-09-28 17:55:00	2016-09-28 17:55:00	\N
190	4	1	3	2016-09-28 17:00:00	2016-09-28 17:00:00	\N
191	2	1	1	2016-09-28 08:45:00	2016-09-28 08:45:00	\N
192	2	1	3	2016-09-28 08:45:00	2016-09-28 08:45:00	\N
193	4	1	1	2016-09-27 23:07:00	2016-09-27 23:07:00	\N
194	2	1	2	2016-09-27 15:22:00	2016-09-27 15:22:00	\N
195	2	1	1	2016-09-27 14:03:00	2016-09-27 14:03:00	\N
196	2	1	2	2016-09-27 14:03:00	2016-09-27 14:03:00	\N
197	4	1	1	2016-09-27 08:00:00	2016-09-27 08:00:00	\N
198	4	1	3	2016-09-27 08:00:00	2016-09-27 08:00:00	\N
199	4	1	1	2016-09-26 23:47:00	2016-09-26 23:47:00	\N
200	4	1	2	2016-09-26 23:47:00	2016-09-26 23:47:00	\N
201	4	1	1	2016-09-26 17:51:00	2016-09-26 17:51:00	\N
202	4	1	3	2016-09-26 17:45:00	2016-09-26 17:45:00	\N
203	1	1	1	2016-09-26 16:09:00	2016-09-26 16:09:00	\N
204	4	1	1	2016-09-26 11:35:00	2016-09-26 11:35:00	\N
205	4	1	2	2016-09-26 11:35:00	2016-09-26 11:35:00	\N
206	2	1	1	2016-09-26 09:30:00	2016-09-26 09:30:00	\N
207	2	1	3	2016-09-26 09:30:00	2016-09-26 09:30:00	\N
208	1	1	2	2016-09-25 20:12:00	2016-09-25 20:12:00	\N
209	2	1	3	2016-09-25 16:50:00	2016-09-25 16:50:00	\N
210	4	1	1	2016-09-25 16:39:00	2016-09-25 16:39:00	\N
211	2	1	2	2016-09-25 12:30:00	2016-09-25 12:30:00	\N
212	2	1	1	2016-09-25 12:00:00	2016-09-25 12:00:00	\N
213	2	1	2	2016-09-25 12:00:00	2016-09-25 12:00:00	\N
214	4	1	1	2016-09-25 08:24:00	2016-09-25 08:24:00	\N
215	4	1	2	2016-09-25 08:24:00	2016-09-25 08:24:00	\N
216	4	1	3	2016-09-25 08:24:00	2016-09-25 08:24:00	\N
217	4	1	1	2016-09-24 22:14:00	2016-09-24 22:14:00	\N
218	2	1	2	2016-09-24 21:00:00	2016-09-24 21:00:00	\N
219	4	1	3	2016-09-24 17:03:00	2016-09-24 17:03:00	\N
220	4	1	1	2016-09-24 16:38:00	2016-09-24 16:38:00	\N
221	4	1	2	2016-09-24 16:38:00	2016-09-24 16:38:00	\N
222	4	1	1	2016-09-24 08:00:00	2016-09-24 08:00:00	\N
223	4	1	3	2016-09-24 08:00:00	2016-09-24 08:00:00	\N
224	5	1	1	2016-09-23 20:04:00	2016-09-23 20:04:00	\N
225	2	1	3	2016-09-23 17:06:00	2016-09-23 17:06:00	\N
226	2	1	1	2016-09-23 16:50:00	2016-09-23 16:50:00	\N
227	2	1	2	2016-09-23 16:50:00	2016-09-23 16:50:00	\N
228	4	1	1	2016-09-23 06:52:00	2016-09-23 06:52:00	\N
229	4	1	3	2016-09-23 06:52:00	2016-09-23 06:52:00	\N
230	5	1	1	2016-09-22 21:59:00	2016-09-22 21:59:00	\N
231	4	1	1	2016-09-22 20:01:00	2016-09-22 20:01:00	\N
232	2	1	1	2016-09-22 18:00:00	2016-09-22 18:00:00	\N
233	2	1	3	2016-09-22 17:18:00	2016-09-22 17:18:00	\N
234	2	1	2	2016-09-22 11:00:00	2016-09-22 11:00:00	\N
235	2	1	1	2016-09-22 11:00:00	2016-09-22 11:00:00	\N
236	2	1	1	2016-09-22 08:17:00	2016-09-22 08:17:00	\N
237	2	1	2	2016-09-22 08:17:00	2016-09-22 08:17:00	\N
238	2	1	3	2016-09-22 08:17:00	2016-09-22 08:17:00	\N
239	5	1	1	2016-09-21 21:28:00	2016-09-21 21:28:00	\N
240	2	1	3	2016-09-21 17:15:00	2016-09-21 17:15:00	\N
241	2	1	1	2016-09-21 17:15:00	2016-09-21 17:15:00	\N
242	5	1	2	2016-09-21 11:36:00	2016-09-21 11:36:00	\N
243	2	1	1	2016-09-21 08:30:00	2016-09-21 08:30:00	\N
244	5	1	2	2016-09-20 22:21:00	2016-09-20 22:21:00	\N
245	2	1	1	2016-09-20 08:36:00	2016-09-20 08:36:00	\N
246	2	1	3	2016-09-20 08:36:00	2016-09-20 08:36:00	\N
247	4	1	1	2016-09-19 22:16:00	2016-09-19 22:16:00	\N
248	2	1	2	2016-09-19 18:19:00	2016-09-19 18:19:00	\N
249	2	1	1	2016-09-19 18:04:00	2016-09-19 18:04:00	\N
250	2	1	1	2016-09-19 08:40:00	2016-09-19 08:40:00	\N
251	2	1	3	2016-09-19 08:40:00	2016-09-19 08:40:00	\N
252	5	1	1	2016-09-18 21:49:00	2016-09-18 21:49:00	\N
253	2	1	3	2016-09-18 17:15:00	2016-09-18 17:15:00	\N
254	2	1	1	2016-09-18 17:00:00	2016-09-18 17:00:00	\N
255	2	1	2	2016-09-18 17:00:00	2016-09-18 17:00:00	\N
256	2	1	1	2016-09-18 16:45:00	2016-09-18 16:45:00	\N
257	2	1	2	2016-09-18 16:45:00	2016-09-18 16:45:00	\N
258	4	1	1	2016-09-18 08:25:00	2016-09-18 08:25:00	\N
259	4	1	3	2016-09-18 08:25:00	2016-09-18 08:25:00	\N
260	4	1	1	2016-09-17 22:48:00	2016-09-17 22:48:00	\N
261	2	1	1	2016-09-17 21:30:00	2016-09-17 21:30:00	\N
262	1	1	2	2016-09-17 18:55:00	2016-09-17 18:55:00	\N
263	4	1	1	2016-09-17 17:18:00	2016-09-17 17:18:00	\N
264	4	1	3	2016-09-17 17:18:00	2016-09-17 17:18:00	\N
265	2	1	1	2016-09-17 11:00:00	2016-09-17 11:00:00	\N
266	2	1	3	2016-09-17 08:31:00	2016-09-17 08:31:00	\N
267	2	1	1	2016-09-17 08:30:00	2016-09-17 08:30:00	\N
268	2	1	2	2016-09-17 08:30:00	2016-09-17 08:30:00	\N
269	4	1	1	2016-09-16 23:03:00	2016-09-16 23:03:00	\N
270	4	1	1	2016-09-16 21:36:00	2016-09-16 21:36:00	\N
271	2	1	1	2016-09-16 17:08:00	2016-09-16 17:08:00	\N
272	2	1	2	2016-09-16 17:08:00	2016-09-16 17:08:00	\N
273	2	1	3	2016-09-16 17:08:00	2016-09-16 17:08:00	\N
274	2	1	1	2016-09-16 11:34:00	2016-09-16 11:34:00	\N
275	2	1	2	2016-09-16 11:34:00	2016-09-16 11:34:00	\N
276	4	1	1	2016-09-16 08:00:00	2016-09-16 08:00:00	\N
277	4	1	3	2016-09-16 08:00:00	2016-09-16 08:00:00	\N
278	4	1	1	2016-09-15 14:38:00	2016-09-15 14:38:00	\N
279	2	1	2	2016-09-15 13:43:00	2016-09-15 13:43:00	\N
280	4	1	1	2016-09-15 08:42:00	2016-09-15 08:42:00	\N
281	4	1	3	2016-09-15 08:42:00	2016-09-15 08:42:00	\N
282	5	1	2	2016-09-14 22:54:00	2016-09-14 22:54:00	\N
283	5	1	1	2016-09-14 20:40:00	2016-09-14 20:40:00	\N
284	5	1	3	2016-09-14 17:27:00	2016-09-14 17:27:00	\N
285	2	1	1	2016-09-14 13:57:00	2016-09-14 13:57:00	\N
286	2	1	2	2016-09-14 13:57:00	2016-09-14 13:57:00	\N
287	4	1	1	2016-09-14 08:40:00	2016-09-14 08:40:00	\N
288	4	1	3	2016-09-14 08:40:00	2016-09-14 08:40:00	\N
289	5	1	1	2016-09-13 22:45:00	2016-09-13 22:45:00	\N
290	5	1	1	2016-09-13 19:30:00	2016-09-13 19:30:00	\N
291	5	1	3	2016-09-13 16:45:00	2016-09-13 16:45:00	\N
292	5	1	1	2016-09-13 15:15:00	2016-09-13 15:15:00	\N
293	5	1	2	2016-09-13 12:45:00	2016-09-13 12:45:00	\N
294	5	1	1	2016-09-13 09:00:00	2016-09-13 09:00:00	\N
295	5	1	3	2016-09-13 09:00:00	2016-09-13 09:00:00	\N
296	5	1	2	2016-09-12 22:00:00	2016-09-12 22:00:00	\N
297	5	1	1	2016-09-12 19:15:00	2016-09-12 19:15:00	\N
298	5	1	3	2016-09-12 16:45:00	2016-09-12 16:45:00	\N
299	5	1	2	2016-09-12 16:15:00	2016-09-12 16:15:00	\N
300	5	1	1	2016-09-12 09:45:00	2016-09-12 09:45:00	\N
301	5	1	3	2016-09-12 09:45:00	2016-09-12 09:45:00	\N
302	5	1	1	2016-09-11 22:15:00	2016-09-11 22:15:00	\N
303	5	1	2	2016-09-11 20:50:00	2016-09-11 20:50:00	\N
304	5	1	3	2016-09-11 16:45:00	2016-09-11 16:45:00	\N
305	5	1	1	2016-09-11 16:20:00	2016-09-11 16:20:00	\N
306	5	1	2	2016-09-11 14:00:00	2016-09-11 14:00:00	\N
307	5	1	1	2016-09-11 10:00:00	2016-09-11 10:00:00	\N
308	5	1	3	2016-09-11 10:00:00	2016-09-11 10:00:00	\N
309	5	1	1	2016-09-10 22:45:00	2016-09-10 22:45:00	\N
310	5	1	2	2016-09-10 20:10:00	2016-09-10 20:10:00	\N
311	5	1	3	2016-09-10 16:50:00	2016-09-10 16:50:00	\N
312	5	1	1	2016-09-10 14:15:00	2016-09-10 14:15:00	\N
313	2	1	1	2016-09-10 08:02:00	2016-09-10 08:02:00	\N
314	2	1	3	2016-09-10 08:02:00	2016-09-10 08:02:00	\N
315	5	1	1	2016-09-09 20:33:00	2016-09-09 20:33:00	\N
316	2	1	2	2016-09-09 18:23:00	2016-09-09 18:23:00	\N
317	5	1	3	2016-09-09 17:00:00	2016-09-09 17:00:00	\N
318	2	1	1	2016-09-09 16:27:00	2016-09-09 16:27:00	\N
319	4	1	1	2016-09-09 08:00:00	2016-09-09 08:00:00	\N
320	4	1	3	2016-09-09 08:00:00	2016-09-09 08:00:00	\N
321	2	1	1	2016-09-08 22:39:00	2016-09-08 22:39:00	\N
322	5	1	1	2016-09-08 17:41:00	2016-09-08 17:41:00	\N
323	2	1	3	2016-09-08 16:30:00	2016-09-08 16:30:00	\N
324	2	1	2	2016-09-08 15:00:00	2016-09-08 15:00:00	\N
325	2	1	1	2016-09-08 14:40:00	2016-09-08 14:40:00	\N
326	2	1	2	2016-09-08 14:40:00	2016-09-08 14:40:00	\N
327	2	1	1	2016-09-08 07:10:00	2016-09-08 07:10:00	\N
328	2	1	2	2016-09-08 07:10:00	2016-09-08 07:10:00	\N
329	2	1	3	2016-09-08 07:10:00	2016-09-08 07:10:00	\N
330	5	1	1	2016-09-07 20:08:00	2016-09-07 20:08:00	\N
331	2	1	1	2016-09-07 13:30:00	2016-09-07 13:30:00	\N
332	2	1	2	2016-09-07 13:30:00	2016-09-07 13:30:00	\N
333	2	1	1	2016-09-07 08:04:00	2016-09-07 08:04:00	\N
334	2	1	3	2016-09-07 08:04:00	2016-09-07 08:04:00	\N
335	4	1	1	2016-09-06 20:46:00	2016-09-06 20:46:00	\N
336	4	1	1	2016-09-06 17:50:00	2016-09-06 17:50:00	\N
337	4	1	2	2016-09-06 17:50:00	2016-09-06 17:50:00	\N
338	2	1	3	2016-09-06 16:51:00	2016-09-06 16:51:00	\N
339	5	1	1	2016-09-06 15:50:00	2016-09-06 15:50:00	\N
340	2	1	1	2016-09-06 07:11:00	2016-09-06 07:11:00	\N
341	2	1	2	2016-09-06 07:11:00	2016-09-06 07:11:00	\N
342	2	1	3	2016-09-06 07:11:00	2016-09-06 07:11:00	\N
343	2	1	1	2016-09-05 23:04:00	2016-09-05 23:04:00	\N
344	2	1	3	2016-09-05 17:25:00	2016-09-05 17:25:00	\N
345	2	1	1	2016-09-05 13:40:00	2016-09-05 13:40:00	\N
346	2	1	2	2016-09-05 13:40:00	2016-09-05 13:40:00	\N
347	5	1	1	2016-09-04 21:30:00	2016-09-04 21:30:00	\N
348	5	1	1	2016-09-04 17:31:00	2016-09-04 17:31:00	\N
349	5	1	3	2016-09-04 17:31:00	2016-09-04 17:31:00	\N
350	4	1	1	2016-09-04 13:18:00	2016-09-04 13:18:00	\N
351	4	1	2	2016-09-04 13:18:00	2016-09-04 13:18:00	\N
352	2	1	1	2016-09-04 08:40:00	2016-09-04 08:40:00	\N
353	2	1	3	2016-09-04 08:40:00	2016-09-04 08:40:00	\N
354	4	1	1	2016-09-03 22:05:00	2016-09-03 22:05:00	\N
355	5	1	3	2016-09-03 16:40:00	2016-09-03 16:40:00	\N
356	2	1	1	2016-09-03 11:00:00	2016-09-03 11:00:00	\N
357	2	1	2	2016-09-03 11:00:00	2016-09-03 11:00:00	\N
358	5	1	2	2016-09-03 09:17:00	2016-09-03 09:17:00	\N
359	4	1	1	2016-09-03 08:11:00	2016-09-03 08:11:00	\N
360	4	1	2	2016-09-03 08:11:00	2016-09-03 08:11:00	\N
361	4	1	3	2016-09-03 08:11:00	2016-09-03 08:11:00	\N
362	5	1	1	2016-09-02 17:03:00	2016-09-02 17:03:00	\N
363	5	1	3	2016-09-02 16:57:00	2016-09-02 16:57:00	\N
364	2	1	1	2016-09-02 07:58:00	2016-09-02 07:58:00	\N
365	2	1	3	2016-09-02 07:58:00	2016-09-02 07:58:00	\N
366	5	1	1	2016-09-01 21:11:00	2016-09-01 21:11:00	\N
367	5	1	3	2016-09-01 17:49:00	2016-09-01 17:49:00	\N
368	2	1	1	2016-09-01 13:49:00	2016-09-01 13:49:00	\N
369	2	1	2	2016-09-01 13:49:00	2016-09-01 13:49:00	\N
370	4	1	1	2016-09-01 08:28:00	2016-09-01 08:28:00	\N
371	4	1	3	2016-09-01 08:28:00	2016-09-01 08:28:00	\N
372	2	1	1	2016-09-01 05:20:00	2016-09-01 05:20:00	\N
373	2	1	2	2016-09-01 05:20:00	2016-09-01 05:20:00	\N
374	2	1	1	2016-08-31 22:30:00	2016-08-31 22:30:00	\N
375	2	1	2	2016-08-31 18:34:00	2016-08-31 18:34:00	\N
376	2	1	1	2016-08-31 18:34:00	2016-08-31 18:34:00	\N
377	5	1	1	2016-08-31 17:00:00	2016-08-31 17:00:00	\N
378	5	1	3	2016-08-31 17:00:00	2016-08-31 17:00:00	\N
379	5	1	2	2016-08-31 14:21:00	2016-08-31 14:21:00	\N
380	5	1	1	2016-08-30 23:50:00	2016-08-30 23:50:00	\N
381	5	1	1	2016-08-30 20:14:00	2016-08-30 20:14:00	\N
382	2	1	3	2016-08-30 18:00:00	2016-08-30 18:00:00	\N
383	5	1	3	2016-08-30 17:48:00	2016-08-30 17:48:00	\N
384	4	1	1	2016-08-30 08:09:00	2016-08-30 08:09:00	\N
385	4	1	2	2016-08-30 08:09:00	2016-08-30 08:09:00	\N
386	4	1	3	2016-08-30 08:09:00	2016-08-30 08:09:00	\N
387	4	1	1	2016-08-29 21:52:00	2016-08-29 21:52:00	\N
388	5	1	3	2016-08-29 17:24:00	2016-08-29 17:24:00	\N
389	2	1	1	2016-08-29 15:58:00	2016-08-29 15:58:00	\N
390	2	1	2	2016-08-29 12:30:00	2016-08-29 12:30:00	\N
391	2	1	1	2016-08-29 08:40:00	2016-08-29 08:40:00	\N
392	2	1	3	2016-08-29 08:40:00	2016-08-29 08:40:00	\N
393	5	1	1	2016-08-28 21:15:00	2016-08-28 21:15:00	\N
394	2	1	3	2016-08-28 16:57:00	2016-08-28 16:57:00	\N
395	5	1	1	2016-08-28 12:30:00	2016-08-28 12:30:00	\N
396	2	1	1	2016-08-28 07:55:00	2016-08-28 07:55:00	\N
397	2	1	2	2016-08-28 07:55:00	2016-08-28 07:55:00	\N
398	2	1	3	2016-08-28 07:55:00	2016-08-28 07:55:00	\N
399	4	1	1	2016-08-27 22:09:00	2016-08-27 22:09:00	\N
400	5	1	3	2016-08-27 18:41:00	2016-08-27 18:41:00	\N
401	2	1	1	2016-08-27 12:02:00	2016-08-27 12:02:00	\N
402	2	1	2	2016-08-27 12:02:00	2016-08-27 12:02:00	\N
403	2	1	1	2016-08-27 08:24:00	2016-08-27 08:24:00	\N
404	2	1	2	2016-08-27 08:24:00	2016-08-27 08:24:00	\N
405	2	1	3	2016-08-27 08:24:00	2016-08-27 08:24:00	\N
406	4	1	3	2016-08-26 18:28:00	2016-08-26 18:28:00	\N
407	2	1	2	2016-08-26 16:00:00	2016-08-26 16:00:00	\N
408	2	1	1	2016-08-26 08:28:00	2016-08-26 08:28:00	\N
409	2	1	3	2016-08-26 08:28:00	2016-08-26 08:28:00	\N
410	2	1	1	2016-08-26 04:30:00	2016-08-26 04:30:00	\N
411	5	1	1	2016-08-25 19:56:00	2016-08-25 19:56:00	\N
412	2	1	3	2016-08-25 17:30:00	2016-08-25 17:30:00	\N
413	2	1	1	2016-08-25 15:30:00	2016-08-25 15:30:00	\N
414	2	1	2	2016-08-25 12:00:00	2016-08-25 12:00:00	\N
415	2	1	1	2016-08-25 08:05:00	2016-08-25 08:05:00	\N
416	2	1	2	2016-08-25 08:05:00	2016-08-25 08:05:00	\N
417	2	1	3	2016-08-25 08:05:00	2016-08-25 08:05:00	\N
418	2	1	1	2016-08-24 17:06:00	2016-08-24 17:06:00	\N
419	2	1	3	2016-08-24 17:06:00	2016-08-24 17:06:00	\N
420	2	1	1	2016-08-24 08:42:00	2016-08-24 08:42:00	\N
421	2	1	2	2016-08-24 08:42:00	2016-08-24 08:42:00	\N
422	4	1	3	2016-08-24 07:15:00	2016-08-24 07:15:00	\N
423	5	1	1	2016-08-23 21:21:00	2016-08-23 21:21:00	\N
424	5	1	3	2016-08-23 21:21:00	2016-08-23 21:21:00	\N
425	5	1	1	2016-08-23 14:57:00	2016-08-23 14:57:00	\N
426	4	1	1	2016-08-23 09:00:00	2016-08-23 09:00:00	\N
427	4	1	2	2016-08-23 09:00:00	2016-08-23 09:00:00	\N
428	4	1	3	2016-08-23 09:00:00	2016-08-23 09:00:00	\N
429	4	1	1	2016-08-22 20:30:00	2016-08-22 20:30:00	\N
430	5	1	1	2016-08-22 19:52:00	2016-08-22 19:52:00	\N
431	5	1	2	2016-08-22 19:52:00	2016-08-22 19:52:00	\N
432	2	1	3	2016-08-22 18:30:00	2016-08-22 18:30:00	\N
433	2	1	1	2016-08-22 08:33:00	2016-08-22 08:33:00	\N
434	2	1	3	2016-08-22 08:33:00	2016-08-22 08:33:00	\N
435	2	1	1	2016-08-21 21:55:00	2016-08-21 21:55:00	\N
436	2	1	2	2016-08-21 21:55:00	2016-08-21 21:55:00	\N
437	2	1	1	2016-08-21 19:15:00	2016-08-21 19:15:00	\N
438	5	1	1	2016-08-21 16:43:00	2016-08-21 16:43:00	\N
439	5	1	1	2016-08-21 16:23:00	2016-08-21 16:23:00	\N
440	2	1	2	2016-08-21 10:30:00	2016-08-21 10:30:00	\N
441	2	1	2	2016-08-21 10:00:00	2016-08-21 10:00:00	\N
442	4	1	1	2016-08-21 07:00:00	2016-08-21 07:00:00	\N
443	4	1	3	2016-08-21 07:00:00	2016-08-21 07:00:00	\N
444	2	1	1	2016-08-20 21:59:00	2016-08-20 21:59:00	\N
445	2	1	3	2016-08-20 18:00:00	2016-08-20 18:00:00	\N
446	2	1	1	2016-08-20 13:15:00	2016-08-20 13:15:00	\N
447	5	1	2	2016-08-20 11:47:00	2016-08-20 11:47:00	\N
448	2	1	1	2016-08-20 08:17:00	2016-08-20 08:17:00	\N
449	2	1	3	2016-08-20 08:17:00	2016-08-20 08:17:00	\N
450	2	1	1	2016-08-19 18:54:00	2016-08-19 18:54:00	\N
451	5	1	3	2016-08-19 17:04:00	2016-08-19 17:04:00	\N
452	2	1	1	2016-08-19 08:25:00	2016-08-19 08:25:00	\N
453	2	1	2	2016-08-19 08:25:00	2016-08-19 08:25:00	\N
454	2	1	3	2016-08-19 08:25:00	2016-08-19 08:25:00	\N
455	4	1	1	2016-08-18 22:37:00	2016-08-18 22:37:00	\N
456	5	1	3	2016-08-18 17:00:00	2016-08-18 17:00:00	\N
457	5	1	1	2016-08-18 10:15:00	2016-08-18 10:15:00	\N
458	5	1	3	2016-08-18 10:15:00	2016-08-18 10:15:00	\N
459	5	1	2	2016-08-17 22:45:00	2016-08-17 22:45:00	\N
460	5	1	1	2016-08-17 16:45:00	2016-08-17 16:45:00	\N
461	5	1	3	2016-08-17 16:45:00	2016-08-17 16:45:00	\N
462	2	1	1	2016-08-17 08:15:00	2016-08-17 08:15:00	\N
463	2	1	2	2016-08-17 08:15:00	2016-08-17 08:15:00	\N
464	2	1	3	2016-08-17 08:15:00	2016-08-17 08:15:00	\N
465	5	1	1	2016-08-16 22:40:00	2016-08-16 22:40:00	\N
466	5	1	3	2016-08-16 16:50:00	2016-08-16 16:50:00	\N
467	4	1	1	2016-08-16 08:50:00	2016-08-16 08:50:00	\N
468	4	1	3	2016-08-16 08:50:00	2016-08-16 08:50:00	\N
469	2	1	1	2016-08-15 21:30:00	2016-08-15 21:30:00	\N
470	2	1	3	2016-08-15 18:25:00	2016-08-15 18:25:00	\N
471	2	1	1	2016-08-15 18:00:00	2016-08-15 18:00:00	\N
472	2	1	2	2016-08-15 18:00:00	2016-08-15 18:00:00	\N
473	5	1	2	2016-08-15 16:34:00	2016-08-15 16:34:00	\N
474	4	1	1	2016-08-15 15:43:00	2016-08-15 15:43:00	\N
475	4	1	1	2016-08-15 07:45:00	2016-08-15 07:45:00	\N
476	4	1	2	2016-08-15 07:45:00	2016-08-15 07:45:00	\N
477	4	1	1	2016-08-14 22:02:00	2016-08-14 22:02:00	\N
478	5	1	3	2016-08-14 16:51:00	2016-08-14 16:51:00	\N
479	2	1	1	2016-08-14 15:51:00	2016-08-14 15:51:00	\N
480	2	1	1	2016-08-14 12:25:00	2016-08-14 12:25:00	\N
481	2	1	2	2016-08-14 12:25:00	2016-08-14 12:25:00	\N
482	2	1	1	2016-08-14 08:34:00	2016-08-14 08:34:00	\N
483	2	1	2	2016-08-14 08:34:00	2016-08-14 08:34:00	\N
484	2	1	3	2016-08-14 08:34:00	2016-08-14 08:34:00	\N
485	4	1	1	2016-08-13 22:17:00	2016-08-13 22:17:00	\N
486	4	1	2	2016-08-13 22:17:00	2016-08-13 22:17:00	\N
487	4	1	1	2016-08-13 17:20:00	2016-08-13 17:20:00	\N
488	2	1	3	2016-08-13 16:55:00	2016-08-13 16:55:00	\N
489	4	1	1	2016-08-13 09:10:00	2016-08-13 09:10:00	\N
490	4	1	2	2016-08-13 09:10:00	2016-08-13 09:10:00	\N
491	4	1	3	2016-08-13 09:10:00	2016-08-13 09:10:00	\N
492	2	1	1	2016-08-12 16:51:00	2016-08-12 16:51:00	\N
493	2	1	2	2016-08-12 16:51:00	2016-08-12 16:51:00	\N
494	5	1	2	2016-08-12 13:16:00	2016-08-12 13:16:00	\N
495	2	1	1	2016-08-12 08:00:00	2016-08-12 08:00:00	\N
496	2	1	3	2016-08-12 08:00:00	2016-08-12 08:00:00	\N
497	4	1	1	2016-08-11 22:49:00	2016-08-11 22:49:00	\N
498	5	1	2	2016-08-11 21:40:00	2016-08-11 21:40:00	\N
499	2	1	1	2016-08-11 18:38:00	2016-08-11 18:38:00	\N
500	2	1	3	2016-08-11 16:59:00	2016-08-11 16:59:00	\N
501	2	1	1	2016-08-11 16:50:00	2016-08-11 16:50:00	\N
502	2	1	1	2016-08-11 08:28:00	2016-08-11 08:28:00	\N
503	2	1	2	2016-08-11 08:28:00	2016-08-11 08:28:00	\N
504	2	1	3	2016-08-11 08:28:00	2016-08-11 08:28:00	\N
505	4	1	1	2016-08-10 16:43:00	2016-08-10 16:43:00	\N
506	4	1	2	2016-08-10 16:43:00	2016-08-10 16:43:00	\N
507	4	1	3	2016-08-10 16:43:00	2016-08-10 16:43:00	\N
508	2	1	1	2016-08-10 14:55:00	2016-08-10 14:55:00	\N
509	2	1	1	2016-08-10 08:10:00	2016-08-10 08:10:00	\N
510	2	1	3	2016-08-10 08:10:00	2016-08-10 08:10:00	\N
511	2	1	2	2016-08-09 19:12:00	2016-08-09 19:12:00	\N
512	5	1	1	2016-08-09 16:55:00	2016-08-09 16:55:00	\N
513	5	1	3	2016-08-09 16:55:00	2016-08-09 16:55:00	\N
514	2	1	1	2016-08-09 08:00:00	2016-08-09 08:00:00	\N
515	2	1	2	2016-08-09 08:00:00	2016-08-09 08:00:00	\N
516	2	1	3	2016-08-09 08:00:00	2016-08-09 08:00:00	\N
517	4	1	1	2016-08-08 22:56:00	2016-08-08 22:56:00	\N
518	4	1	2	2016-08-08 22:56:00	2016-08-08 22:56:00	\N
519	2	1	1	2016-08-08 20:30:00	2016-08-08 20:30:00	\N
520	2	1	3	2016-08-08 17:22:00	2016-08-08 17:22:00	\N
521	5	1	1	2016-08-08 16:12:00	2016-08-08 16:12:00	\N
522	2	1	1	2016-08-08 08:36:00	2016-08-08 08:36:00	\N
523	2	1	2	2016-08-08 08:36:00	2016-08-08 08:36:00	\N
524	2	1	3	2016-08-08 08:36:00	2016-08-08 08:36:00	\N
525	4	1	1	2016-08-07 22:53:00	2016-08-07 22:53:00	\N
526	5	1	1	2016-08-07 19:00:00	2016-08-07 19:00:00	\N
527	2	1	3	2016-08-07 18:00:00	2016-08-07 18:00:00	\N
528	5	1	2	2016-08-07 16:00:00	2016-08-07 16:00:00	\N
529	4	1	1	2016-08-07 08:00:00	2016-08-07 08:00:00	\N
530	4	1	3	2016-08-07 08:00:00	2016-08-07 08:00:00	\N
531	2	1	1	2016-08-06 22:25:00	2016-08-06 22:25:00	\N
532	4	1	3	2016-08-06 17:07:00	2016-08-06 17:07:00	\N
533	2	1	2	2016-08-06 14:11:00	2016-08-06 14:11:00	\N
534	2	1	1	2016-08-06 08:33:00	2016-08-06 08:33:00	\N
535	2	1	3	2016-08-06 08:33:00	2016-08-06 08:33:00	\N
536	2	1	1	2016-08-05 22:19:00	2016-08-05 22:19:00	\N
537	2	1	1	2016-08-05 19:17:00	2016-08-05 19:17:00	\N
538	2	1	3	2016-08-05 17:09:00	2016-08-05 17:09:00	\N
539	2	1	1	2016-08-05 08:53:00	2016-08-05 08:53:00	\N
540	2	1	2	2016-08-05 08:53:00	2016-08-05 08:53:00	\N
541	2	1	3	2016-08-05 08:53:00	2016-08-05 08:53:00	\N
542	4	1	1	2016-08-04 18:13:00	2016-08-04 18:13:00	\N
543	4	1	1	2016-08-04 17:09:00	2016-08-04 17:09:00	\N
544	4	1	3	2016-08-04 17:09:00	2016-08-04 17:09:00	\N
545	4	1	1	2016-08-04 08:15:00	2016-08-04 08:15:00	\N
546	4	1	2	2016-08-04 08:15:00	2016-08-04 08:15:00	\N
547	4	1	3	2016-08-04 08:15:00	2016-08-04 08:15:00	\N
548	4	1	1	2016-08-03 22:45:00	2016-08-03 22:45:00	\N
549	2	1	3	2016-08-03 16:43:00	2016-08-03 16:43:00	\N
550	2	1	1	2016-08-03 16:15:00	2016-08-03 16:15:00	\N
551	4	1	2	2016-08-03 11:35:00	2016-08-03 11:35:00	\N
552	4	1	1	2016-08-03 08:15:00	2016-08-03 08:15:00	\N
553	4	1	3	2016-08-03 08:15:00	2016-08-03 08:15:00	\N
554	4	1	1	2016-08-02 22:56:00	2016-08-02 22:56:00	\N
555	2	1	1	2016-08-02 18:32:00	2016-08-02 18:32:00	\N
556	5	1	3	2016-08-02 17:30:00	2016-08-02 17:30:00	\N
557	2	1	1	2016-08-02 13:02:00	2016-08-02 13:02:00	\N
558	2	1	2	2016-08-02 13:02:00	2016-08-02 13:02:00	\N
559	4	1	1	2016-08-02 09:10:00	2016-08-02 09:10:00	\N
560	4	1	2	2016-08-02 09:10:00	2016-08-02 09:10:00	\N
561	4	1	3	2016-08-02 09:10:00	2016-08-02 09:10:00	\N
562	5	1	1	2016-08-01 22:14:00	2016-08-01 22:14:00	\N
563	4	1	1	2016-08-01 17:31:00	2016-08-01 17:31:00	\N
564	2	1	3	2016-08-01 17:28:00	2016-08-01 17:28:00	\N
565	5	1	1	2016-08-01 16:30:00	2016-08-01 16:30:00	\N
566	2	1	1	2016-08-01 09:18:00	2016-08-01 09:18:00	\N
567	2	1	2	2016-08-01 09:18:00	2016-08-01 09:18:00	\N
568	2	1	3	2016-08-01 09:18:00	2016-08-01 09:18:00	\N
569	4	1	1	2016-07-31 22:19:00	2016-07-31 22:19:00	\N
570	2	1	1	2016-07-31 17:15:00	2016-07-31 17:15:00	\N
571	2	1	3	2016-07-31 17:15:00	2016-07-31 17:15:00	\N
572	2	1	1	2016-07-31 08:30:00	2016-07-31 08:30:00	\N
573	2	1	2	2016-07-31 08:30:00	2016-07-31 08:30:00	\N
574	2	1	3	2016-07-31 08:30:00	2016-07-31 08:30:00	\N
575	1	1	1	2016-07-30 08:52:00	2016-07-30 08:52:00	\N
576	1	1	3	2016-07-30 08:52:00	2016-07-30 08:52:00	\N
577	5	1	3	2016-07-29 17:54:00	2016-07-29 17:54:00	\N
578	1	1	1	2016-07-29 17:09:00	2016-07-29 17:09:00	\N
579	1	1	2	2016-07-29 17:09:00	2016-07-29 17:09:00	\N
580	2	1	1	2016-07-29 09:32:00	2016-07-29 09:32:00	\N
581	2	1	2	2016-07-29 09:32:00	2016-07-29 09:32:00	\N
582	2	1	3	2016-07-29 09:32:00	2016-07-29 09:32:00	\N
583	5	1	3	2016-07-28 17:15:00	2016-07-28 17:15:00	\N
584	2	1	1	2016-07-28 17:15:00	2016-07-28 17:15:00	\N
585	4	1	1	2016-07-28 08:30:00	2016-07-28 08:30:00	\N
586	4	1	2	2016-07-28 08:30:00	2016-07-28 08:30:00	\N
587	4	1	3	2016-07-28 08:30:00	2016-07-28 08:30:00	\N
588	1	1	3	2016-07-27 18:29:00	2016-07-27 18:29:00	\N
589	2	1	1	2016-07-27 08:30:00	2016-07-27 08:30:00	\N
590	2	1	3	2016-07-27 08:30:00	2016-07-27 08:30:00	\N
591	5	1	1	2016-07-25 17:36:00	2016-07-25 17:36:00	\N
592	2	1	3	2016-07-25 17:14:00	2016-07-25 17:14:00	\N
593	2	1	1	2016-07-25 14:30:00	2016-07-25 14:30:00	\N
594	5	1	1	2016-07-25 09:27:00	2016-07-25 09:27:00	\N
595	2	1	1	2016-07-25 08:40:00	2016-07-25 08:40:00	\N
596	2	1	2	2016-07-25 08:40:00	2016-07-25 08:40:00	\N
597	2	1	3	2016-07-25 08:40:00	2016-07-25 08:40:00	\N
598	2	1	3	2016-07-24 17:01:00	2016-07-24 17:01:00	\N
599	2	1	1	2016-07-24 17:01:00	2016-07-24 17:01:00	\N
600	4	1	1	2016-07-24 08:43:00	2016-07-24 08:43:00	\N
601	4	1	2	2016-07-24 08:43:00	2016-07-24 08:43:00	\N
602	4	1	3	2016-07-24 08:43:00	2016-07-24 08:43:00	\N
603	4	1	1	2016-07-23 22:53:00	2016-07-23 22:53:00	\N
604	2	1	3	2016-07-23 17:00:00	2016-07-23 17:00:00	\N
605	4	1	1	2016-07-23 08:43:00	2016-07-23 08:43:00	\N
606	4	1	3	2016-07-23 08:43:00	2016-07-23 08:43:00	\N
607	1	1	1	2016-07-22 23:47:00	2016-07-22 23:47:00	\N
608	5	1	1	2016-07-22 17:05:00	2016-07-22 17:05:00	\N
609	1	1	1	2016-07-22 14:00:00	2016-07-22 14:00:00	\N
610	4	1	1	2016-07-22 11:30:00	2016-07-22 11:30:00	\N
611	4	1	2	2016-07-22 11:30:00	2016-07-22 11:30:00	\N
612	1	1	2	2016-07-22 07:00:00	2016-07-22 07:00:00	\N
613	1	1	1	2016-07-22 07:00:00	2016-07-22 07:00:00	\N
614	1	1	3	2016-07-22 07:00:00	2016-07-22 07:00:00	\N
615	5	1	3	2016-07-21 18:00:00	2016-07-21 18:00:00	\N
616	5	1	1	2016-07-21 15:52:00	2016-07-21 15:52:00	\N
617	4	1	1	2016-07-21 08:01:00	2016-07-21 08:01:00	\N
618	4	1	3	2016-07-21 08:01:00	2016-07-21 08:01:00	\N
619	4	1	1	2016-07-21 00:17:00	2016-07-21 00:17:00	\N
620	4	1	2	2016-07-21 00:17:00	2016-07-21 00:17:00	\N
621	4	1	1	2016-07-20 21:24:00	2016-07-20 21:24:00	\N
622	4	1	1	2016-07-20 16:45:00	2016-07-20 16:45:00	\N
623	4	1	3	2016-07-20 16:45:00	2016-07-20 16:45:00	\N
624	5	1	1	2016-07-20 14:00:00	2016-07-20 14:00:00	\N
625	4	1	1	2016-07-20 09:06:00	2016-07-20 09:06:00	\N
626	4	1	3	2016-07-20 09:06:00	2016-07-20 09:06:00	\N
627	5	1	1	2016-07-19 22:39:00	2016-07-19 22:39:00	\N
628	5	1	1	2016-07-19 16:59:00	2016-07-19 16:59:00	\N
629	5	1	3	2016-07-19 16:59:00	2016-07-19 16:59:00	\N
630	4	1	1	2016-07-19 12:00:00	2016-07-19 12:00:00	\N
631	4	1	2	2016-07-19 12:00:00	2016-07-19 12:00:00	\N
632	4	1	1	2016-07-19 07:30:00	2016-07-19 07:30:00	\N
633	4	1	2	2016-07-19 07:30:00	2016-07-19 07:30:00	\N
634	4	1	3	2016-07-19 07:30:00	2016-07-19 07:30:00	\N
635	5	1	1	2016-07-18 21:36:00	2016-07-18 21:36:00	\N
636	2	1	3	2016-07-18 16:58:00	2016-07-18 16:58:00	\N
637	2	1	1	2016-07-18 16:00:00	2016-07-18 16:00:00	\N
638	4	1	1	2016-07-18 08:00:00	2016-07-18 08:00:00	\N
639	4	1	3	2016-07-18 08:00:00	2016-07-18 08:00:00	\N
640	5	1	1	2016-07-17 22:06:00	2016-07-17 22:06:00	\N
641	5	1	3	2016-07-17 18:00:00	2016-07-17 18:00:00	\N
642	5	1	1	2016-07-17 17:30:00	2016-07-17 17:30:00	\N
643	5	1	2	2016-07-17 17:30:00	2016-07-17 17:30:00	\N
644	2	1	1	2016-07-17 14:06:00	2016-07-17 14:06:00	\N
645	2	1	2	2016-07-17 14:06:00	2016-07-17 14:06:00	\N
646	2	1	1	2016-07-17 09:28:00	2016-07-17 09:28:00	\N
647	2	1	3	2016-07-17 09:28:00	2016-07-17 09:28:00	\N
648	5	1	3	2016-07-16 17:18:00	2016-07-16 17:18:00	\N
649	2	1	1	2016-07-16 15:05:00	2016-07-16 15:05:00	\N
650	5	1	2	2016-07-16 13:28:00	2016-07-16 13:28:00	\N
651	2	1	1	2016-07-16 08:25:00	2016-07-16 08:25:00	\N
652	2	1	3	2016-07-16 08:25:00	2016-07-16 08:25:00	\N
653	5	1	1	2016-07-15 20:23:00	2016-07-15 20:23:00	\N
654	5	1	1	2016-07-15 17:35:00	2016-07-15 17:35:00	\N
655	5	1	2	2016-07-15 12:48:00	2016-07-15 12:48:00	\N
656	2	1	1	2016-07-15 06:53:00	2016-07-15 06:53:00	\N
657	2	1	3	2016-07-15 06:53:00	2016-07-15 06:53:00	\N
658	5	1	3	2016-07-14 16:31:00	2016-07-14 16:31:00	\N
659	2	1	1	2016-07-14 16:12:00	2016-07-14 16:12:00	\N
660	2	1	2	2016-07-14 16:12:00	2016-07-14 16:12:00	\N
661	2	1	1	2016-07-14 09:44:00	2016-07-14 09:44:00	\N
662	2	1	3	2016-07-14 09:44:00	2016-07-14 09:44:00	\N
663	5	1	1	2016-07-13 20:13:00	2016-07-13 20:13:00	\N
664	5	1	1	2016-07-13 17:30:00	2016-07-13 17:30:00	\N
665	5	1	2	2016-07-13 17:30:00	2016-07-13 17:30:00	\N
666	2	1	3	2016-07-13 16:51:00	2016-07-13 16:51:00	\N
667	5	1	1	2016-07-13 16:40:00	2016-07-13 16:40:00	\N
668	2	1	1	2016-07-13 08:45:00	2016-07-13 08:45:00	\N
669	2	1	2	2016-07-13 08:45:00	2016-07-13 08:45:00	\N
670	2	1	3	2016-07-13 08:45:00	2016-07-13 08:45:00	\N
671	2	1	1	2016-07-12 17:15:00	2016-07-12 17:15:00	\N
672	2	1	3	2016-07-12 17:15:00	2016-07-12 17:15:00	\N
673	2	1	1	2016-07-12 14:00:00	2016-07-12 14:00:00	\N
674	2	1	1	2016-07-12 08:30:00	2016-07-12 08:30:00	\N
675	2	1	2	2016-07-12 08:30:00	2016-07-12 08:30:00	\N
676	2	1	3	2016-07-12 08:30:00	2016-07-12 08:30:00	\N
677	2	1	1	2016-07-12 00:30:00	2016-07-12 00:30:00	\N
678	2	1	1	2016-07-11 17:37:00	2016-07-11 17:37:00	\N
679	2	1	2	2016-07-11 17:37:00	2016-07-11 17:37:00	\N
680	2	1	3	2016-07-11 17:37:00	2016-07-11 17:37:00	\N
681	4	1	1	2016-07-11 08:14:00	2016-07-11 08:14:00	\N
682	4	1	3	2016-07-11 08:14:00	2016-07-11 08:14:00	\N
683	4	1	1	2016-07-10 19:45:00	2016-07-10 19:45:00	\N
684	2	1	1	2016-07-10 17:53:00	2016-07-10 17:53:00	\N
685	2	1	3	2016-07-10 16:59:00	2016-07-10 16:59:00	\N
686	2	1	2	2016-07-10 15:30:00	2016-07-10 15:30:00	\N
687	4	1	1	2016-07-10 13:07:00	2016-07-10 13:07:00	\N
688	5	1	1	2016-07-10 08:53:00	2016-07-10 08:53:00	\N
689	5	1	3	2016-07-10 08:53:00	2016-07-10 08:53:00	\N
690	5	1	2	2016-07-09 22:57:00	2016-07-09 22:57:00	\N
691	4	1	1	2016-07-09 21:06:00	2016-07-09 21:06:00	\N
692	5	1	1	2016-07-09 19:00:00	2016-07-09 19:00:00	\N
693	5	1	3	2016-07-09 17:25:00	2016-07-09 17:25:00	\N
694	2	1	1	2016-07-09 08:18:00	2016-07-09 08:18:00	\N
695	2	1	2	2016-07-09 08:18:00	2016-07-09 08:18:00	\N
696	2	1	3	2016-07-09 08:18:00	2016-07-09 08:18:00	\N
697	2	1	1	2016-07-09 00:30:00	2016-07-09 00:30:00	\N
698	5	1	2	2016-07-08 20:54:00	2016-07-08 20:54:00	\N
699	4	1	3	2016-07-08 17:20:00	2016-07-08 17:20:00	\N
700	2	1	1	2016-07-08 14:35:00	2016-07-08 14:35:00	\N
701	2	1	1	2016-07-08 08:20:00	2016-07-08 08:20:00	\N
702	2	1	2	2016-07-08 08:20:00	2016-07-08 08:20:00	\N
703	2	1	3	2016-07-08 08:20:00	2016-07-08 08:20:00	\N
704	4	1	1	2016-07-07 23:35:00	2016-07-07 23:35:00	\N
705	4	1	1	2016-07-07 20:34:00	2016-07-07 20:34:00	\N
706	2	1	1	2016-07-07 18:10:00	2016-07-07 18:10:00	\N
707	4	1	2	2016-07-07 16:30:00	2016-07-07 16:30:00	\N
708	4	1	1	2016-07-07 16:10:00	2016-07-07 16:10:00	\N
709	4	1	1	2016-07-07 12:30:00	2016-07-07 12:30:00	\N
710	2	1	1	2016-07-07 08:10:00	2016-07-07 08:10:00	\N
711	2	1	2	2016-07-07 08:10:00	2016-07-07 08:10:00	\N
712	2	1	3	2016-07-07 08:10:00	2016-07-07 08:10:00	\N
713	4	1	1	2016-07-06 22:02:00	2016-07-06 22:02:00	\N
714	2	1	2	2016-07-06 19:40:00	2016-07-06 19:40:00	\N
715	2	1	3	2016-07-06 16:57:00	2016-07-06 16:57:00	\N
716	2	1	1	2016-07-06 15:32:00	2016-07-06 15:32:00	\N
717	5	1	2	2016-07-06 12:47:00	2016-07-06 12:47:00	\N
718	2	1	1	2016-07-06 08:03:00	2016-07-06 08:03:00	\N
719	2	1	3	2016-07-06 08:03:00	2016-07-06 08:03:00	\N
720	4	1	1	2016-07-05 21:52:00	2016-07-05 21:52:00	\N
721	5	1	1	2016-07-05 20:40:00	2016-07-05 20:40:00	\N
722	5	1	1	2016-07-05 18:34:00	2016-07-05 18:34:00	\N
723	5	1	2	2016-07-05 18:34:00	2016-07-05 18:34:00	\N
724	5	1	3	2016-07-05 17:28:00	2016-07-05 17:28:00	\N
725	2	1	1	2016-07-05 15:10:00	2016-07-05 15:10:00	\N
726	2	1	2	2016-07-05 15:10:00	2016-07-05 15:10:00	\N
727	4	1	2	2016-07-05 12:00:00	2016-07-05 12:00:00	\N
728	2	1	1	2016-07-05 08:14:00	2016-07-05 08:14:00	\N
729	2	1	3	2016-07-05 08:14:00	2016-07-05 08:14:00	\N
730	4	1	1	2016-07-04 21:54:00	2016-07-04 21:54:00	\N
731	4	1	2	2016-07-04 21:54:00	2016-07-04 21:54:00	\N
732	5	1	3	2016-07-04 16:55:00	2016-07-04 16:55:00	\N
733	5	1	1	2016-07-04 16:53:00	2016-07-04 16:53:00	\N
734	2	1	1	2016-07-04 08:08:00	2016-07-04 08:08:00	\N
735	2	1	2	2016-07-04 08:08:00	2016-07-04 08:08:00	\N
736	2	1	3	2016-07-04 08:08:00	2016-07-04 08:08:00	\N
737	4	1	1	2016-07-03 21:57:00	2016-07-03 21:57:00	\N
738	4	1	1	2016-07-03 18:26:00	2016-07-03 18:26:00	\N
739	2	1	3	2016-07-03 17:00:00	2016-07-03 17:00:00	\N
740	2	1	1	2016-07-03 16:31:00	2016-07-03 16:31:00	\N
741	2	1	1	2016-07-03 11:19:00	2016-07-03 11:19:00	\N
742	2	1	2	2016-07-03 11:19:00	2016-07-03 11:19:00	\N
743	4	1	1	2016-07-03 08:39:00	2016-07-03 08:39:00	\N
744	4	1	3	2016-07-03 08:39:00	2016-07-03 08:39:00	\N
745	4	1	1	2016-07-02 22:28:00	2016-07-02 22:28:00	\N
746	5	1	2	2016-07-02 21:06:00	2016-07-02 21:06:00	\N
747	2	1	1	2016-07-02 17:26:00	2016-07-02 17:26:00	\N
748	2	1	3	2016-07-02 17:26:00	2016-07-02 17:26:00	\N
749	2	1	1	2016-07-02 13:30:00	2016-07-02 13:30:00	\N
750	2	1	2	2016-07-02 13:30:00	2016-07-02 13:30:00	\N
751	4	1	1	2016-07-02 08:10:00	2016-07-02 08:10:00	\N
752	4	1	2	2016-07-02 08:10:00	2016-07-02 08:10:00	\N
753	4	1	3	2016-07-02 08:10:00	2016-07-02 08:10:00	\N
754	4	1	1	2016-07-01 22:54:00	2016-07-01 22:54:00	\N
755	5	1	3	2016-07-01 17:30:00	2016-07-01 17:30:00	\N
756	2	1	1	2016-07-01 15:14:00	2016-07-01 15:14:00	\N
757	5	1	1	2016-07-01 12:19:00	2016-07-01 12:19:00	\N
758	2	1	1	2016-07-01 08:18:00	2016-07-01 08:18:00	\N
759	2	1	3	2016-07-01 08:18:00	2016-07-01 08:18:00	\N
760	5	1	1	2016-06-30 21:59:00	2016-06-30 21:59:00	\N
761	2	1	3	2016-06-30 17:02:00	2016-06-30 17:02:00	\N
762	5	1	1	2016-06-30 16:30:00	2016-06-30 16:30:00	\N
763	5	1	2	2016-06-30 16:30:00	2016-06-30 16:30:00	\N
764	2	1	1	2016-06-30 12:49:00	2016-06-30 12:49:00	\N
765	2	1	2	2016-06-30 12:49:00	2016-06-30 12:49:00	\N
766	2	1	1	2016-06-30 07:49:00	2016-06-30 07:49:00	\N
767	2	1	3	2016-06-30 07:49:00	2016-06-30 07:49:00	\N
768	2	1	1	2016-06-29 22:09:00	2016-06-29 22:09:00	\N
769	5	1	1	2016-06-29 17:36:00	2016-06-29 17:36:00	\N
770	5	1	3	2016-06-29 17:12:00	2016-06-29 17:12:00	\N
771	5	1	1	2016-06-29 14:23:00	2016-06-29 14:23:00	\N
772	5	1	2	2016-06-29 14:23:00	2016-06-29 14:23:00	\N
773	2	1	1	2016-06-29 09:07:00	2016-06-29 09:07:00	\N
774	2	1	3	2016-06-29 09:07:00	2016-06-29 09:07:00	\N
775	5	1	1	2016-06-28 17:36:00	2016-06-28 17:36:00	\N
776	5	1	3	2016-06-28 17:36:00	2016-06-28 17:36:00	\N
777	2	1	2	2016-06-28 14:45:00	2016-06-28 14:45:00	\N
778	2	1	1	2016-06-28 14:20:00	2016-06-28 14:20:00	\N
779	5	1	2	2016-06-28 13:26:00	2016-06-28 13:26:00	\N
780	2	1	1	2016-06-28 08:25:00	2016-06-28 08:25:00	\N
781	2	1	3	2016-06-28 08:25:00	2016-06-28 08:25:00	\N
782	4	1	1	2016-06-27 22:35:00	2016-06-27 22:35:00	\N
783	2	1	1	2016-06-27 17:23:00	2016-06-27 17:23:00	\N
784	2	1	3	2016-06-27 17:23:00	2016-06-27 17:23:00	\N
785	2	1	1	2016-06-27 14:22:00	2016-06-27 14:22:00	\N
786	2	1	2	2016-06-27 09:30:00	2016-06-27 09:30:00	\N
787	2	1	1	2016-06-27 07:25:00	2016-06-27 07:25:00	\N
788	2	1	2	2016-06-27 07:25:00	2016-06-27 07:25:00	\N
789	2	1	3	2016-06-27 07:25:00	2016-06-27 07:25:00	\N
790	4	1	1	2016-06-26 22:16:00	2016-06-26 22:16:00	\N
791	4	1	2	2016-06-26 22:16:00	2016-06-26 22:16:00	\N
792	2	1	3	2016-06-26 17:31:00	2016-06-26 17:31:00	\N
793	4	1	2	2016-06-26 16:15:00	2016-06-26 16:15:00	\N
794	2	1	1	2016-06-26 08:15:00	2016-06-26 08:15:00	\N
795	2	1	3	2016-06-26 08:15:00	2016-06-26 08:15:00	\N
796	2	1	1	2016-06-26 04:20:00	2016-06-26 04:20:00	\N
797	4	1	1	2016-06-25 23:34:00	2016-06-25 23:34:00	\N
798	2	1	1	2016-06-25 22:38:00	2016-06-25 22:38:00	\N
799	2	1	2	2016-06-25 18:30:00	2016-06-25 18:30:00	\N
800	2	1	1	2016-06-25 17:06:00	2016-06-25 17:06:00	\N
801	2	1	3	2016-06-25 17:06:00	2016-06-25 17:06:00	\N
802	2	1	1	2016-06-25 14:15:00	2016-06-25 14:15:00	\N
803	2	1	1	2016-06-25 08:50:00	2016-06-25 08:50:00	\N
804	2	1	3	2016-06-25 08:50:00	2016-06-25 08:50:00	\N
805	2	1	1	2016-06-24 08:49:00	2016-06-24 08:49:00	\N
806	2	1	2	2016-06-24 08:49:00	2016-06-24 08:49:00	\N
807	5	1	1	2016-06-23 22:24:00	2016-06-23 22:24:00	\N
808	2	1	2	2016-06-23 18:05:00	2016-06-23 18:05:00	\N
809	2	1	2	2016-06-23 17:35:00	2016-06-23 17:35:00	\N
810	2	1	3	2016-06-23 17:20:00	2016-06-23 17:20:00	\N
811	2	1	1	2016-06-23 17:12:00	2016-06-23 17:12:00	\N
812	2	1	1	2016-06-23 12:30:00	2016-06-23 12:30:00	\N
813	2	1	1	2016-06-23 07:20:00	2016-06-23 07:20:00	\N
814	2	1	2	2016-06-23 07:20:00	2016-06-23 07:20:00	\N
815	2	1	3	2016-06-23 07:20:00	2016-06-23 07:20:00	\N
816	5	1	2	2016-06-22 17:12:00	2016-06-22 17:12:00	\N
817	5	1	1	2016-06-22 16:46:00	2016-06-22 16:46:00	\N
818	5	1	3	2016-06-22 16:46:00	2016-06-22 16:46:00	\N
819	5	1	2	2016-06-22 10:25:00	2016-06-22 10:25:00	\N
820	2	1	3	2016-06-21 19:46:00	2016-06-21 19:46:00	\N
821	5	1	1	2016-06-21 19:36:00	2016-06-21 19:36:00	\N
822	4	1	1	2016-06-21 09:25:00	2016-06-21 09:25:00	\N
823	4	1	3	2016-06-21 09:25:00	2016-06-21 09:25:00	\N
824	5	1	1	2016-06-20 22:19:00	2016-06-20 22:19:00	\N
825	4	1	3	2016-06-20 17:00:00	2016-06-20 17:00:00	\N
826	2	1	1	2016-06-20 16:45:00	2016-06-20 16:45:00	\N
827	2	1	2	2016-06-20 11:23:00	2016-06-20 11:23:00	\N
828	2	1	1	2016-06-20 08:45:00	2016-06-20 08:45:00	\N
829	2	1	3	2016-06-20 08:45:00	2016-06-20 08:45:00	\N
830	4	1	1	2016-06-19 22:43:00	2016-06-19 22:43:00	\N
831	2	1	1	2016-06-19 21:47:00	2016-06-19 21:47:00	\N
832	4	1	3	2016-06-19 16:45:00	2016-06-19 16:45:00	\N
833	4	1	1	2016-06-19 15:00:00	2016-06-19 15:00:00	\N
834	5	1	2	2016-06-19 12:15:00	2016-06-19 12:15:00	\N
835	4	1	2	2016-06-19 12:00:00	2016-06-19 12:00:00	\N
836	4	1	1	2016-06-19 08:00:00	2016-06-19 08:00:00	\N
837	4	1	3	2016-06-19 08:00:00	2016-06-19 08:00:00	\N
838	5	1	1	2016-06-18 21:24:00	2016-06-18 21:24:00	\N
839	5	1	2	2016-06-18 20:11:00	2016-06-18 20:11:00	\N
840	5	1	1	2016-06-18 19:23:00	2016-06-18 19:23:00	\N
841	5	1	3	2016-06-18 19:23:00	2016-06-18 19:23:00	\N
842	4	1	1	2016-06-18 08:46:00	2016-06-18 08:46:00	\N
843	4	1	2	2016-06-18 08:46:00	2016-06-18 08:46:00	\N
844	4	1	3	2016-06-18 08:46:00	2016-06-18 08:46:00	\N
845	4	1	1	2016-06-17 22:15:00	2016-06-17 22:15:00	\N
846	4	1	1	2016-06-17 19:39:00	2016-06-17 19:39:00	\N
847	5	1	3	2016-06-17 17:47:00	2016-06-17 17:47:00	\N
848	5	1	1	2016-06-17 14:08:00	2016-06-17 14:08:00	\N
849	5	1	2	2016-06-17 11:20:00	2016-06-17 11:20:00	\N
850	5	1	1	2016-06-17 05:20:00	2016-06-17 05:20:00	\N
851	5	1	3	2016-06-17 05:20:00	2016-06-17 05:20:00	\N
852	5	1	1	2016-06-17 01:28:00	2016-06-17 01:28:00	\N
853	5	1	1	2016-06-16 20:38:00	2016-06-16 20:38:00	\N
854	5	1	3	2016-06-16 19:00:00	2016-06-16 19:00:00	\N
855	5	1	2	2016-06-16 16:11:00	2016-06-16 16:11:00	\N
856	5	1	1	2016-06-16 16:00:00	2016-06-16 16:00:00	\N
857	5	1	3	2016-06-16 16:00:00	2016-06-16 16:00:00	\N
858	5	1	1	2016-06-16 02:37:00	2016-06-16 02:37:00	\N
859	5	1	1	2016-06-15 22:28:00	2016-06-15 22:28:00	\N
860	5	1	2	2016-06-15 17:59:00	2016-06-15 17:59:00	\N
861	5	1	1	2016-06-15 17:03:00	2016-06-15 17:03:00	\N
862	5	1	3	2016-06-15 17:03:00	2016-06-15 17:03:00	\N
863	2	1	1	2016-06-15 09:46:00	2016-06-15 09:46:00	\N
864	2	1	2	2016-06-15 09:46:00	2016-06-15 09:46:00	\N
865	4	1	1	2016-06-15 07:53:00	2016-06-15 07:53:00	\N
866	4	1	3	2016-06-15 07:53:00	2016-06-15 07:53:00	\N
867	5	1	1	2016-06-14 21:59:00	2016-06-14 21:59:00	\N
868	5	1	1	2016-06-14 17:30:00	2016-06-14 17:30:00	\N
869	5	1	2	2016-06-14 17:30:00	2016-06-14 17:30:00	\N
870	5	1	1	2016-06-14 16:42:00	2016-06-14 16:42:00	\N
871	5	1	3	2016-06-14 16:42:00	2016-06-14 16:42:00	\N
872	2	1	2	2016-06-14 14:51:00	2016-06-14 14:51:00	\N
873	2	1	1	2016-06-14 08:33:00	2016-06-14 08:33:00	\N
874	2	1	3	2016-06-14 08:33:00	2016-06-14 08:33:00	\N
875	5	1	1	2016-06-13 22:55:00	2016-06-13 22:55:00	\N
876	4	1	1	2016-06-13 19:04:00	2016-06-13 19:04:00	\N
877	2	1	3	2016-06-13 17:31:00	2016-06-13 17:31:00	\N
878	5	1	1	2016-06-13 16:08:00	2016-06-13 16:08:00	\N
879	5	1	2	2016-06-13 16:08:00	2016-06-13 16:08:00	\N
880	2	1	1	2016-06-13 09:00:00	2016-06-13 09:00:00	\N
881	2	1	2	2016-06-13 09:00:00	2016-06-13 09:00:00	\N
882	2	1	3	2016-06-13 09:00:00	2016-06-13 09:00:00	\N
883	4	1	1	2016-06-12 22:26:00	2016-06-12 22:26:00	\N
884	5	1	3	2016-06-12 17:57:00	2016-06-12 17:57:00	\N
885	5	1	1	2016-06-12 16:52:00	2016-06-12 16:52:00	\N
886	5	1	2	2016-06-12 13:00:00	2016-06-12 13:00:00	\N
887	4	1	1	2016-06-12 08:39:00	2016-06-12 08:39:00	\N
888	4	1	3	2016-06-12 08:39:00	2016-06-12 08:39:00	\N
889	5	1	1	2016-06-11 22:30:00	2016-06-11 22:30:00	\N
890	4	1	1	2016-06-11 20:02:00	2016-06-11 20:02:00	\N
891	2	1	3	2016-06-11 17:08:00	2016-06-11 17:08:00	\N
892	4	1	1	2016-06-11 16:30:00	2016-06-11 16:30:00	\N
893	4	1	2	2016-06-11 16:30:00	2016-06-11 16:30:00	\N
894	5	1	1	2016-06-11 15:13:00	2016-06-11 15:13:00	\N
895	5	1	1	2016-06-11 09:51:00	2016-06-11 09:51:00	\N
896	5	1	2	2016-06-11 09:51:00	2016-06-11 09:51:00	\N
897	5	1	3	2016-06-11 09:51:00	2016-06-11 09:51:00	\N
898	5	1	1	2016-06-10 23:31:00	2016-06-10 23:31:00	\N
899	5	1	1	2016-06-10 19:39:00	2016-06-10 19:39:00	\N
900	5	1	3	2016-06-10 17:06:00	2016-06-10 17:06:00	\N
901	5	1	2	2016-06-10 11:42:00	2016-06-10 11:42:00	\N
902	5	1	3	2016-06-10 11:32:00	2016-06-10 11:32:00	\N
903	5	1	1	2016-06-09 21:26:00	2016-06-09 21:26:00	\N
904	5	1	3	2016-06-09 16:49:00	2016-06-09 16:49:00	\N
905	5	1	1	2016-06-09 15:49:00	2016-06-09 15:49:00	\N
906	4	1	1	2016-06-09 08:00:00	2016-06-09 08:00:00	\N
907	4	1	2	2016-06-09 08:00:00	2016-06-09 08:00:00	\N
908	4	1	3	2016-06-09 08:00:00	2016-06-09 08:00:00	\N
909	2	1	1	2016-06-08 18:27:00	2016-06-08 18:27:00	\N
910	2	1	3	2016-06-08 18:27:00	2016-06-08 18:27:00	\N
911	5	1	1	2016-06-08 15:20:00	2016-06-08 15:20:00	\N
912	4	1	1	2016-06-08 15:19:00	2016-06-08 15:19:00	\N
913	2	1	1	2016-06-08 08:07:00	2016-06-08 08:07:00	\N
914	2	1	2	2016-06-08 08:07:00	2016-06-08 08:07:00	\N
915	2	1	3	2016-06-08 08:07:00	2016-06-08 08:07:00	\N
916	5	1	1	2016-06-07 22:44:00	2016-06-07 22:44:00	\N
917	5	1	1	2016-06-07 19:30:00	2016-06-07 19:30:00	\N
918	2	1	3	2016-06-07 18:15:00	2016-06-07 18:15:00	\N
919	2	1	1	2016-06-07 17:30:00	2016-06-07 17:30:00	\N
920	2	1	1	2016-06-07 15:00:00	2016-06-07 15:00:00	\N
921	2	1	2	2016-06-07 15:00:00	2016-06-07 15:00:00	\N
922	4	1	1	2016-06-07 08:00:00	2016-06-07 08:00:00	\N
923	4	1	2	2016-06-07 08:00:00	2016-06-07 08:00:00	\N
924	4	1	3	2016-06-07 08:00:00	2016-06-07 08:00:00	\N
925	2	1	1	2016-06-06 20:40:00	2016-06-06 20:40:00	\N
926	2	1	3	2016-06-06 17:00:00	2016-06-06 17:00:00	\N
927	2	1	1	2016-06-06 16:30:00	2016-06-06 16:30:00	\N
928	2	1	2	2016-06-06 16:30:00	2016-06-06 16:30:00	\N
929	4	1	1	2016-06-06 08:00:00	2016-06-06 08:00:00	\N
930	4	1	2	2016-06-06 08:00:00	2016-06-06 08:00:00	\N
931	4	1	3	2016-06-06 08:00:00	2016-06-06 08:00:00	\N
932	4	1	1	2016-06-05 21:41:00	2016-06-05 21:41:00	\N
933	2	1	3	2016-06-05 16:45:00	2016-06-05 16:45:00	\N
934	2	1	1	2016-06-05 08:55:00	2016-06-05 08:55:00	\N
935	2	1	3	2016-06-05 08:55:00	2016-06-05 08:55:00	\N
936	5	1	3	2016-06-04 19:01:00	2016-06-04 19:01:00	\N
937	4	1	1	2016-06-04 16:00:00	2016-06-04 16:00:00	\N
938	4	1	2	2016-06-04 16:00:00	2016-06-04 16:00:00	\N
939	4	1	1	2016-06-04 10:30:00	2016-06-04 10:30:00	\N
940	2	1	1	2016-06-04 08:30:00	2016-06-04 08:30:00	\N
941	5	1	3	2016-06-04 06:30:00	2016-06-04 06:30:00	\N
942	2	1	1	2016-06-03 23:00:00	2016-06-03 23:00:00	\N
943	2	1	1	2016-06-03 17:19:00	2016-06-03 17:19:00	\N
944	2	1	3	2016-06-03 17:19:00	2016-06-03 17:19:00	\N
945	2	1	1	2016-06-03 13:00:00	2016-06-03 13:00:00	\N
946	2	1	2	2016-06-03 13:00:00	2016-06-03 13:00:00	\N
947	4	1	1	2016-06-03 08:15:00	2016-06-03 08:15:00	\N
948	4	1	3	2016-06-03 08:15:00	2016-06-03 08:15:00	\N
949	5	1	1	2016-06-02 23:09:00	2016-06-02 23:09:00	\N
950	5	1	1	2016-06-02 19:49:00	2016-06-02 19:49:00	\N
951	2	1	1	2016-06-02 17:21:00	2016-06-02 17:21:00	\N
952	2	1	3	2016-06-02 17:21:00	2016-06-02 17:21:00	\N
953	2	1	1	2016-06-02 16:00:00	2016-06-02 16:00:00	\N
954	2	1	2	2016-06-02 16:00:00	2016-06-02 16:00:00	\N
955	4	1	1	2016-06-02 09:18:00	2016-06-02 09:18:00	\N
956	4	1	2	2016-06-02 09:18:00	2016-06-02 09:18:00	\N
957	4	1	3	2016-06-02 09:18:00	2016-06-02 09:18:00	\N
958	4	1	1	2016-06-01 20:34:00	2016-06-01 20:34:00	\N
959	2	1	3	2016-06-01 17:10:00	2016-06-01 17:10:00	\N
960	4	1	1	2016-06-01 14:55:00	2016-06-01 14:55:00	\N
961	2	1	2	2016-06-01 14:51:00	2016-06-01 14:51:00	\N
962	4	1	1	2016-06-01 08:17:00	2016-06-01 08:17:00	\N
963	4	1	3	2016-06-01 08:17:00	2016-06-01 08:17:00	\N
964	4	1	1	2016-05-31 22:03:00	2016-05-31 22:03:00	\N
965	2	1	2	2016-05-31 18:15:00	2016-05-31 18:15:00	\N
966	5	1	3	2016-05-31 17:45:00	2016-05-31 17:45:00	\N
967	2	1	1	2016-05-31 16:22:00	2016-05-31 16:22:00	\N
968	2	1	2	2016-05-31 12:00:00	2016-05-31 12:00:00	\N
969	4	1	1	2016-05-31 08:40:00	2016-05-31 08:40:00	\N
970	4	1	3	2016-05-31 08:40:00	2016-05-31 08:40:00	\N
971	4	1	1	2016-05-30 22:58:00	2016-05-30 22:58:00	\N
972	4	1	1	2016-05-30 21:21:00	2016-05-30 21:21:00	\N
973	2	1	1	2016-05-30 17:31:00	2016-05-30 17:31:00	\N
974	4	1	3	2016-05-30 16:52:00	2016-05-30 16:52:00	\N
975	2	1	2	2016-05-30 14:30:00	2016-05-30 14:30:00	\N
976	2	1	2	2016-05-30 14:13:00	2016-05-30 14:13:00	\N
977	2	1	1	2016-05-30 08:43:00	2016-05-30 08:43:00	\N
978	2	1	3	2016-05-30 08:43:00	2016-05-30 08:43:00	\N
979	4	1	1	2016-05-29 22:14:00	2016-05-29 22:14:00	\N
980	5	1	2	2016-05-29 21:25:00	2016-05-29 21:25:00	\N
981	2	1	1	2016-05-29 17:32:00	2016-05-29 17:32:00	\N
982	4	1	3	2016-05-29 17:19:00	2016-05-29 17:19:00	\N
983	2	1	1	2016-05-29 08:22:00	2016-05-29 08:22:00	\N
984	2	1	2	2016-05-29 08:22:00	2016-05-29 08:22:00	\N
985	2	1	3	2016-05-29 08:22:00	2016-05-29 08:22:00	\N
986	5	1	1	2016-05-28 22:04:00	2016-05-28 22:04:00	\N
987	2	1	3	2016-05-28 18:05:00	2016-05-28 18:05:00	\N
988	5	1	1	2016-05-28 17:05:00	2016-05-28 17:05:00	\N
989	5	1	2	2016-05-28 17:05:00	2016-05-28 17:05:00	\N
990	2	1	1	2016-05-28 12:17:00	2016-05-28 12:17:00	\N
991	2	1	2	2016-05-28 12:17:00	2016-05-28 12:17:00	\N
992	2	1	1	2016-05-28 08:15:00	2016-05-28 08:15:00	\N
993	2	1	3	2016-05-28 08:15:00	2016-05-28 08:15:00	\N
994	5	1	2	2016-05-27 21:53:00	2016-05-27 21:53:00	\N
995	5	1	1	2016-05-27 19:23:00	2016-05-27 19:23:00	\N
996	5	1	3	2016-05-27 16:44:00	2016-05-27 16:44:00	\N
997	5	1	1	2016-05-27 15:14:00	2016-05-27 15:14:00	\N
998	5	1	2	2016-05-27 10:33:00	2016-05-27 10:33:00	\N
999	2	1	1	2016-05-27 08:30:00	2016-05-27 08:30:00	\N
1000	2	1	3	2016-05-27 08:30:00	2016-05-27 08:30:00	\N
1001	5	1	2	2016-05-26 23:28:00	2016-05-26 23:28:00	\N
1002	2	1	1	2016-05-26 20:59:00	2016-05-26 20:59:00	\N
1003	2	1	3	2016-05-26 17:38:00	2016-05-26 17:38:00	\N
1004	2	1	1	2016-05-26 14:43:00	2016-05-26 14:43:00	\N
1005	2	1	2	2016-05-26 14:43:00	2016-05-26 14:43:00	\N
1006	5	1	2	2016-05-26 12:03:00	2016-05-26 12:03:00	\N
1007	2	1	1	2016-05-26 08:45:00	2016-05-26 08:45:00	\N
1008	2	1	3	2016-05-26 08:45:00	2016-05-26 08:45:00	\N
1009	5	1	1	2016-05-25 23:32:00	2016-05-25 23:32:00	\N
1010	5	1	1	2016-05-25 18:43:00	2016-05-25 18:43:00	\N
1011	5	1	2	2016-05-25 16:55:00	2016-05-25 16:55:00	\N
1012	5	1	3	2016-05-25 16:55:00	2016-05-25 16:55:00	\N
1013	5	1	1	2016-05-25 14:49:00	2016-05-25 14:49:00	\N
1014	2	1	1	2016-05-25 08:55:00	2016-05-25 08:55:00	\N
1015	2	1	2	2016-05-25 08:55:00	2016-05-25 08:55:00	\N
1016	2	1	3	2016-05-25 08:55:00	2016-05-25 08:55:00	\N
1017	5	1	1	2016-05-24 23:33:00	2016-05-24 23:33:00	\N
1018	5	1	2	2016-05-24 21:31:00	2016-05-24 21:31:00	\N
1019	5	1	1	2016-05-24 18:20:00	2016-05-24 18:20:00	\N
1020	5	1	3	2016-05-24 18:20:00	2016-05-24 18:20:00	\N
1021	5	1	1	2016-05-24 12:20:00	2016-05-24 12:20:00	\N
1022	2	1	2	2016-05-24 09:40:00	2016-05-24 09:40:00	\N
1023	2	1	3	2016-05-24 09:40:00	2016-05-24 09:40:00	\N
1024	5	1	1	2016-05-23 22:19:00	2016-05-23 22:19:00	\N
1025	5	1	2	2016-05-23 21:04:00	2016-05-23 21:04:00	\N
1026	2	1	3	2016-05-23 20:30:00	2016-05-23 20:30:00	\N
1027	2	1	1	2016-05-23 16:15:00	2016-05-23 16:15:00	\N
1028	5	1	1	2016-05-23 11:22:00	2016-05-23 11:22:00	\N
1029	4	1	2	2016-05-23 07:40:00	2016-05-23 07:40:00	\N
1030	4	1	3	2016-05-23 07:40:00	2016-05-23 07:40:00	\N
1031	2	1	1	2016-05-22 17:25:00	2016-05-22 17:25:00	\N
1032	5	1	3	2016-05-22 17:12:00	2016-05-22 17:12:00	\N
1033	5	1	2	2016-05-22 15:30:00	2016-05-22 15:30:00	\N
1034	2	1	1	2016-05-22 08:51:00	2016-05-22 08:51:00	\N
1035	2	1	2	2016-05-22 08:51:00	2016-05-22 08:51:00	\N
1036	2	1	3	2016-05-22 08:51:00	2016-05-22 08:51:00	\N
1037	4	1	3	2016-05-21 17:07:00	2016-05-21 17:07:00	\N
1038	4	1	1	2016-05-21 11:15:00	2016-05-21 11:15:00	\N
1039	4	1	2	2016-05-21 07:07:00	2016-05-21 07:07:00	\N
1040	4	1	3	2016-05-21 07:07:00	2016-05-21 07:07:00	\N
1041	5	1	1	2016-05-20 15:26:00	2016-05-20 15:26:00	\N
1042	5	1	2	2016-05-20 10:18:00	2016-05-20 10:18:00	\N
1043	4	1	1	2016-05-20 07:45:00	2016-05-20 07:45:00	\N
1044	4	1	3	2016-05-20 07:45:00	2016-05-20 07:45:00	\N
1045	4	1	1	2016-05-19 17:07:00	2016-05-19 17:07:00	\N
1046	5	1	3	2016-05-19 17:00:00	2016-05-19 17:00:00	\N
1047	4	1	1	2016-05-18 17:35:00	2016-05-18 17:35:00	\N
1048	5	1	3	2016-05-18 17:20:00	2016-05-18 17:20:00	\N
1049	5	1	2	2016-05-18 16:00:00	2016-05-18 16:00:00	\N
1050	5	1	1	2016-05-18 14:04:00	2016-05-18 14:04:00	\N
1051	4	1	1	2016-05-18 07:46:00	2016-05-18 07:46:00	\N
1052	4	1	2	2016-05-18 07:46:00	2016-05-18 07:46:00	\N
1053	4	1	3	2016-05-18 07:46:00	2016-05-18 07:46:00	\N
1054	5	1	3	2016-05-17 16:54:00	2016-05-17 16:54:00	\N
1055	5	1	1	2016-05-17 15:20:00	2016-05-17 15:20:00	\N
1056	4	1	2	2016-05-17 10:44:00	2016-05-17 10:44:00	\N
1057	4	1	1	2016-05-17 07:53:00	2016-05-17 07:53:00	\N
1058	4	1	3	2016-05-17 07:53:00	2016-05-17 07:53:00	\N
1059	4	1	1	2016-05-16 17:45:00	2016-05-16 17:45:00	\N
1060	4	1	2	2016-05-16 17:45:00	2016-05-16 17:45:00	\N
1061	5	1	3	2016-05-16 17:25:00	2016-05-16 17:25:00	\N
1062	4	1	1	2016-05-16 12:27:00	2016-05-16 12:27:00	\N
1063	4	1	1	2016-05-16 07:45:00	2016-05-16 07:45:00	\N
1064	4	1	2	2016-05-16 07:45:00	2016-05-16 07:45:00	\N
1065	4	1	3	2016-05-16 07:45:00	2016-05-16 07:45:00	\N
1066	4	1	1	2016-05-15 21:41:00	2016-05-15 21:41:00	\N
1067	4	1	2	2016-05-15 19:31:00	2016-05-15 19:31:00	\N
1068	4	1	3	2016-05-15 17:00:00	2016-05-15 17:00:00	\N
1069	5	1	1	2016-05-15 13:01:00	2016-05-15 13:01:00	\N
1070	4	1	1	2016-05-15 08:45:00	2016-05-15 08:45:00	\N
1071	4	1	2	2016-05-15 08:45:00	2016-05-15 08:45:00	\N
1072	4	1	3	2016-05-15 08:45:00	2016-05-15 08:45:00	\N
1073	5	1	1	2016-05-14 19:25:00	2016-05-14 19:25:00	\N
1074	5	1	1	2016-05-14 17:44:00	2016-05-14 17:44:00	\N
1075	5	1	2	2016-05-14 17:44:00	2016-05-14 17:44:00	\N
1076	2	1	3	2016-05-14 16:59:00	2016-05-14 16:59:00	\N
1077	5	1	1	2016-05-14 14:38:00	2016-05-14 14:38:00	\N
1078	4	1	1	2016-05-14 07:45:00	2016-05-14 07:45:00	\N
1079	4	1	3	2016-05-14 07:45:00	2016-05-14 07:45:00	\N
1080	4	1	1	2016-05-13 22:12:00	2016-05-13 22:12:00	\N
1081	4	1	2	2016-05-13 22:12:00	2016-05-13 22:12:00	\N
1082	5	1	1	2016-05-13 19:54:00	2016-05-13 19:54:00	\N
1083	5	1	1	2016-05-13 16:33:00	2016-05-13 16:33:00	\N
1084	5	1	3	2016-05-13 16:33:00	2016-05-13 16:33:00	\N
1085	4	1	1	2016-05-13 07:36:00	2016-05-13 07:36:00	\N
1086	4	1	2	2016-05-13 07:36:00	2016-05-13 07:36:00	\N
1087	4	1	3	2016-05-13 07:36:00	2016-05-13 07:36:00	\N
1088	5	1	1	2016-05-12 22:56:00	2016-05-12 22:56:00	\N
1089	2	1	1	2016-05-12 20:00:00	2016-05-12 20:00:00	\N
1090	4	1	1	2016-05-12 17:30:00	2016-05-12 17:30:00	\N
1091	4	1	3	2016-05-12 17:20:00	2016-05-12 17:20:00	\N
1092	5	1	1	2016-05-12 15:17:00	2016-05-12 15:17:00	\N
1093	5	1	2	2016-05-12 15:17:00	2016-05-12 15:17:00	\N
1094	4	1	1	2016-05-12 07:41:00	2016-05-12 07:41:00	\N
1095	4	1	2	2016-05-12 07:41:00	2016-05-12 07:41:00	\N
1096	4	1	3	2016-05-12 07:41:00	2016-05-12 07:41:00	\N
1097	4	1	1	2016-05-11 21:22:00	2016-05-11 21:22:00	\N
1098	4	1	2	2016-05-11 21:22:00	2016-05-11 21:22:00	\N
1099	4	1	3	2016-05-11 17:15:00	2016-05-11 17:15:00	\N
1100	4	1	1	2016-05-11 15:04:00	2016-05-11 15:04:00	\N
1101	4	1	1	2016-05-11 07:40:00	2016-05-11 07:40:00	\N
1102	4	1	2	2016-05-11 07:40:00	2016-05-11 07:40:00	\N
1103	4	1	3	2016-05-11 07:40:00	2016-05-11 07:40:00	\N
1104	4	1	1	2016-05-10 21:40:00	2016-05-10 21:40:00	\N
1105	5	1	1	2016-05-10 19:42:00	2016-05-10 19:42:00	\N
1106	4	1	1	2016-05-10 17:40:00	2016-05-10 17:40:00	\N
1107	4	1	2	2016-05-10 17:40:00	2016-05-10 17:40:00	\N
1108	5	1	3	2016-05-10 17:29:00	2016-05-10 17:29:00	\N
1109	5	1	1	2016-05-10 14:09:00	2016-05-10 14:09:00	\N
1110	5	1	2	2016-05-10 11:05:00	2016-05-10 11:05:00	\N
1111	4	1	1	2016-05-10 08:15:00	2016-05-10 08:15:00	\N
1112	4	1	2	2016-05-10 08:15:00	2016-05-10 08:15:00	\N
1113	4	1	3	2016-05-10 08:15:00	2016-05-10 08:15:00	\N
1114	4	1	1	2016-05-09 18:31:00	2016-05-09 18:31:00	\N
1115	5	1	3	2016-05-09 16:58:00	2016-05-09 16:58:00	\N
1116	5	1	1	2016-05-09 14:28:00	2016-05-09 14:28:00	\N
1117	4	1	1	2016-05-09 06:00:00	2016-05-09 06:00:00	\N
1118	4	1	2	2016-05-09 06:00:00	2016-05-09 06:00:00	\N
1119	4	1	3	2016-05-09 06:00:00	2016-05-09 06:00:00	\N
1120	5	1	1	2016-05-08 20:00:00	2016-05-08 20:00:00	\N
1121	4	1	3	2016-05-08 18:00:00	2016-05-08 18:00:00	\N
1122	2	1	1	2016-05-08 15:52:00	2016-05-08 15:52:00	\N
1123	2	1	2	2016-05-08 15:52:00	2016-05-08 15:52:00	\N
1124	4	1	1	2016-05-08 08:42:00	2016-05-08 08:42:00	\N
1125	4	1	3	2016-05-08 08:42:00	2016-05-08 08:42:00	\N
1126	2	1	1	2016-05-07 21:58:00	2016-05-07 21:58:00	\N
1127	4	1	1	2016-05-07 18:03:00	2016-05-07 18:03:00	\N
1128	5	1	1	2016-05-07 16:56:00	2016-05-07 16:56:00	\N
1129	5	1	2	2016-05-07 16:56:00	2016-05-07 16:56:00	\N
1130	2	1	3	2016-05-07 16:55:00	2016-05-07 16:55:00	\N
1131	5	1	1	2016-05-07 12:37:00	2016-05-07 12:37:00	\N
1132	5	1	2	2016-05-07 12:37:00	2016-05-07 12:37:00	\N
1133	5	1	3	2016-05-07 12:37:00	2016-05-07 12:37:00	\N
1134	5	1	1	2016-05-06 23:35:00	2016-05-06 23:35:00	\N
1135	5	1	3	2016-05-06 17:50:00	2016-05-06 17:50:00	\N
1136	5	1	1	2016-05-06 16:09:00	2016-05-06 16:09:00	\N
1137	5	1	1	2016-05-06 13:01:00	2016-05-06 13:01:00	\N
1138	5	1	2	2016-05-06 13:01:00	2016-05-06 13:01:00	\N
1139	5	1	3	2016-05-06 13:01:00	2016-05-06 13:01:00	\N
1140	5	1	1	2016-05-06 00:04:00	2016-05-06 00:04:00	\N
1141	5	1	1	2016-05-05 18:46:00	2016-05-05 18:46:00	\N
1142	5	1	3	2016-05-05 17:57:00	2016-05-05 17:57:00	\N
1143	5	1	2	2016-05-05 15:33:00	2016-05-05 15:33:00	\N
1144	5	1	1	2016-05-05 13:00:00	2016-05-05 13:00:00	\N
1145	5	1	3	2016-05-05 13:00:00	2016-05-05 13:00:00	\N
1146	5	1	1	2016-05-05 02:13:00	2016-05-05 02:13:00	\N
1147	5	1	1	2016-05-04 22:45:00	2016-05-04 22:45:00	\N
1148	5	1	3	2016-05-04 18:28:00	2016-05-04 18:28:00	\N
1149	5	1	1	2016-05-04 17:32:00	2016-05-04 17:32:00	\N
1150	5	1	1	2016-05-04 13:01:00	2016-05-04 13:01:00	\N
1151	5	1	2	2016-05-04 13:01:00	2016-05-04 13:01:00	\N
1152	5	1	3	2016-05-04 13:01:00	2016-05-04 13:01:00	\N
1153	5	1	1	2016-05-04 00:59:00	2016-05-04 00:59:00	\N
1154	5	1	1	2016-05-03 20:36:00	2016-05-03 20:36:00	\N
1155	5	1	2	2016-05-03 17:47:00	2016-05-03 17:47:00	\N
1156	5	1	3	2016-05-03 17:37:00	2016-05-03 17:37:00	\N
1157	5	1	1	2016-05-03 12:59:00	2016-05-03 12:59:00	\N
1158	5	1	3	2016-05-03 12:59:00	2016-05-03 12:59:00	\N
1159	5	1	1	2016-05-02 23:45:00	2016-05-02 23:45:00	\N
1160	5	1	2	2016-05-02 23:45:00	2016-05-02 23:45:00	\N
1161	5	1	1	2016-05-02 18:45:00	2016-05-02 18:45:00	\N
1162	5	1	1	2016-05-02 16:52:00	2016-05-02 16:52:00	\N
1163	5	1	3	2016-05-02 16:52:00	2016-05-02 16:52:00	\N
1164	5	1	2	2016-05-02 15:57:00	2016-05-02 15:57:00	\N
1165	5	1	1	2016-05-02 12:14:00	2016-05-02 12:14:00	\N
1166	5	1	2	2016-05-02 12:14:00	2016-05-02 12:14:00	\N
1167	5	1	3	2016-05-02 12:14:00	2016-05-02 12:14:00	\N
1168	5	1	1	2016-05-02 00:23:00	2016-05-02 00:23:00	\N
1169	5	1	1	2016-05-01 20:20:00	2016-05-01 20:20:00	\N
1170	5	1	1	2016-05-01 18:15:00	2016-05-01 18:15:00	\N
1171	5	1	3	2016-05-01 17:14:00	2016-05-01 17:14:00	\N
1172	5	1	2	2016-05-01 14:05:00	2016-05-01 14:05:00	\N
1173	5	1	1	2016-05-01 11:47:00	2016-05-01 11:47:00	\N
1174	5	1	3	2016-05-01 11:47:00	2016-05-01 11:47:00	\N
1175	5	1	1	2016-04-30 23:50:00	2016-04-30 23:50:00	\N
1176	5	1	1	2016-04-30 19:30:00	2016-04-30 19:30:00	\N
1177	5	1	3	2016-04-30 18:00:00	2016-04-30 18:00:00	\N
1178	5	1	2	2016-04-30 14:00:00	2016-04-30 14:00:00	\N
1179	5	1	1	2016-04-30 11:49:00	2016-04-30 11:49:00	\N
1180	5	1	3	2016-04-30 11:49:00	2016-04-30 11:49:00	\N
1181	5	1	2	2016-04-29 23:01:00	2016-04-29 23:01:00	\N
1182	5	1	1	2016-04-29 19:14:00	2016-04-29 19:14:00	\N
1183	5	1	3	2016-04-29 17:30:00	2016-04-29 17:30:00	\N
1184	5	1	2	2016-04-29 12:16:00	2016-04-29 12:16:00	\N
1185	5	1	1	2016-04-29 11:57:00	2016-04-29 11:57:00	\N
1186	5	1	3	2016-04-29 11:57:00	2016-04-29 11:57:00	\N
1187	5	1	1	2016-04-29 00:11:00	2016-04-29 00:11:00	\N
1188	5	1	1	2016-04-28 21:06:00	2016-04-28 21:06:00	\N
1189	5	1	1	2016-04-28 17:45:00	2016-04-28 17:45:00	\N
1190	5	1	3	2016-04-28 17:45:00	2016-04-28 17:45:00	\N
1191	5	1	2	2016-04-28 14:10:00	2016-04-28 14:10:00	\N
1192	5	1	1	2016-04-28 13:01:00	2016-04-28 13:01:00	\N
1193	5	1	3	2016-04-28 13:01:00	2016-04-28 13:01:00	\N
1194	5	1	2	2016-04-28 01:28:00	2016-04-28 01:28:00	\N
1195	5	1	1	2016-04-27 18:30:00	2016-04-27 18:30:00	\N
1196	5	1	3	2016-04-27 17:26:00	2016-04-27 17:26:00	\N
1197	5	1	1	2016-04-27 15:53:00	2016-04-27 15:53:00	\N
1198	5	1	2	2016-04-27 15:53:00	2016-04-27 15:53:00	\N
1199	5	1	1	2016-04-27 13:51:00	2016-04-27 13:51:00	\N
1200	5	1	2	2016-04-27 11:00:00	2016-04-27 11:00:00	\N
1201	5	1	3	2016-04-27 11:00:00	2016-04-27 11:00:00	\N
1202	5	1	1	2016-04-27 00:00:00	2016-04-27 00:00:00	\N
1203	5	1	1	2016-04-26 20:14:00	2016-04-26 20:14:00	\N
1204	5	1	3	2016-04-26 18:13:00	2016-04-26 18:13:00	\N
1205	5	1	1	2016-04-26 14:25:00	2016-04-26 14:25:00	\N
1206	5	1	2	2016-04-26 14:25:00	2016-04-26 14:25:00	\N
1207	5	1	1	2016-04-26 11:59:00	2016-04-26 11:59:00	\N
1208	5	1	3	2016-04-26 11:59:00	2016-04-26 11:59:00	\N
1209	5	1	1	2016-04-26 00:44:00	2016-04-26 00:44:00	\N
1210	5	1	1	2016-04-25 22:36:00	2016-04-25 22:36:00	\N
1211	5	1	1	2016-04-25 20:01:00	2016-04-25 20:01:00	\N
1212	5	1	3	2016-04-25 18:02:00	2016-04-25 18:02:00	\N
1213	5	1	1	2016-04-25 16:13:00	2016-04-25 16:13:00	\N
1214	5	1	1	2016-04-25 13:01:00	2016-04-25 13:01:00	\N
1215	5	1	2	2016-04-25 12:10:00	2016-04-25 12:10:00	\N
1216	5	1	3	2016-04-25 12:10:00	2016-04-25 12:10:00	\N
1217	5	1	1	2016-04-24 22:42:00	2016-04-24 22:42:00	\N
1218	5	1	1	2016-04-24 19:53:00	2016-04-24 19:53:00	\N
1219	5	1	1	2016-04-24 18:31:00	2016-04-24 18:31:00	\N
1220	5	1	3	2016-04-24 18:31:00	2016-04-24 18:31:00	\N
1221	5	1	1	2016-04-24 15:06:00	2016-04-24 15:06:00	\N
1222	5	1	2	2016-04-24 12:47:00	2016-04-24 12:47:00	\N
1223	5	1	1	2016-04-24 11:58:00	2016-04-24 11:58:00	\N
1224	5	1	3	2016-04-24 11:58:00	2016-04-24 11:58:00	\N
1225	5	1	1	2016-04-23 21:39:00	2016-04-23 21:39:00	\N
1226	5	1	2	2016-04-23 20:03:00	2016-04-23 20:03:00	\N
1227	5	1	3	2016-04-23 18:00:00	2016-04-23 18:00:00	\N
1228	5	1	1	2016-04-23 12:34:00	2016-04-23 12:34:00	\N
1229	5	1	3	2016-04-23 12:34:00	2016-04-23 12:34:00	\N
1230	5	1	1	2016-04-22 23:03:00	2016-04-22 23:03:00	\N
1231	5	1	2	2016-04-22 20:42:00	2016-04-22 20:42:00	\N
1232	5	1	3	2016-04-22 17:45:00	2016-04-22 17:45:00	\N
1233	5	1	2	2016-04-22 13:18:00	2016-04-22 13:18:00	\N
1234	5	1	1	2016-04-22 12:12:00	2016-04-22 12:12:00	\N
1235	5	1	3	2016-04-22 12:12:00	2016-04-22 12:12:00	\N
1236	5	1	1	2016-04-21 23:30:00	2016-04-21 23:30:00	\N
1237	5	1	1	2016-04-21 20:04:00	2016-04-21 20:04:00	\N
1238	5	1	3	2016-04-21 17:24:00	2016-04-21 17:24:00	\N
1239	5	1	2	2016-04-21 12:05:00	2016-04-21 12:05:00	\N
1240	5	1	1	2016-04-21 11:34:00	2016-04-21 11:34:00	\N
1241	5	1	3	2016-04-21 11:34:00	2016-04-21 11:34:00	\N
1242	5	1	1	2016-04-21 01:00:00	2016-04-21 01:00:00	\N
1243	5	1	3	2016-04-20 17:00:00	2016-04-20 17:00:00	\N
1244	5	1	1	2016-04-20 16:08:00	2016-04-20 16:08:00	\N
1245	5	1	2	2016-04-20 14:03:00	2016-04-20 14:03:00	\N
1246	2	1	1	2016-04-20 08:26:00	2016-04-20 08:26:00	\N
1247	2	1	3	2016-04-20 08:26:00	2016-04-20 08:26:00	\N
1248	4	1	1	2016-04-19 23:06:00	2016-04-19 23:06:00	\N
1249	5	1	2	2016-04-19 19:20:00	2016-04-19 19:20:00	\N
1250	5	1	3	2016-04-19 17:06:00	2016-04-19 17:06:00	\N
1251	5	1	1	2016-04-19 16:38:00	2016-04-19 16:38:00	\N
1252	2	1	1	2016-04-19 08:40:00	2016-04-19 08:40:00	\N
1253	2	1	2	2016-04-19 08:40:00	2016-04-19 08:40:00	\N
1254	2	1	3	2016-04-19 08:40:00	2016-04-19 08:40:00	\N
1255	4	1	1	2016-04-18 23:10:00	2016-04-18 23:10:00	\N
1256	2	1	1	2016-04-18 18:21:00	2016-04-18 18:21:00	\N
1257	4	1	1	2016-04-18 17:35:00	2016-04-18 17:35:00	\N
1258	2	1	3	2016-04-18 16:58:00	2016-04-18 16:58:00	\N
1259	5	1	1	2016-04-18 15:02:00	2016-04-18 15:02:00	\N
1260	2	1	1	2016-04-18 08:00:00	2016-04-18 08:00:00	\N
1261	2	1	2	2016-04-18 08:00:00	2016-04-18 08:00:00	\N
1262	2	1	3	2016-04-18 08:00:00	2016-04-18 08:00:00	\N
1263	5	1	1	2016-04-17 21:46:00	2016-04-17 21:46:00	\N
1264	5	1	1	2016-04-17 20:40:00	2016-04-17 20:40:00	\N
1265	5	1	1	2016-04-17 18:00:00	2016-04-17 18:00:00	\N
1266	5	1	3	2016-04-17 18:00:00	2016-04-17 18:00:00	\N
1267	5	1	1	2016-04-17 16:00:00	2016-04-17 16:00:00	\N
1268	5	1	2	2016-04-17 16:00:00	2016-04-17 16:00:00	\N
1269	4	1	1	2016-04-17 10:11:00	2016-04-17 10:11:00	\N
1270	4	1	1	2016-04-17 08:30:00	2016-04-17 08:30:00	\N
1271	4	1	3	2016-04-17 08:30:00	2016-04-17 08:30:00	\N
1272	5	1	1	2016-04-16 23:30:00	2016-04-16 23:30:00	\N
1273	5	1	2	2016-04-16 21:16:00	2016-04-16 21:16:00	\N
1274	5	1	1	2016-04-16 19:46:00	2016-04-16 19:46:00	\N
1275	5	1	3	2016-04-16 17:02:00	2016-04-16 17:02:00	\N
1276	5	1	1	2016-04-16 14:19:00	2016-04-16 14:19:00	\N
1277	4	1	1	2016-04-16 08:51:00	2016-04-16 08:51:00	\N
1278	4	1	2	2016-04-16 08:51:00	2016-04-16 08:51:00	\N
1279	4	1	3	2016-04-16 08:51:00	2016-04-16 08:51:00	\N
1280	4	1	1	2016-04-15 22:51:00	2016-04-15 22:51:00	\N
1281	5	1	1	2016-04-15 20:08:00	2016-04-15 20:08:00	\N
1282	5	1	1	2016-04-15 17:00:00	2016-04-15 17:00:00	\N
1283	5	1	3	2016-04-15 17:00:00	2016-04-15 17:00:00	\N
1284	5	1	1	2016-04-15 12:15:00	2016-04-15 12:15:00	\N
1285	4	1	1	2016-04-15 08:40:00	2016-04-15 08:40:00	\N
1286	4	1	2	2016-04-15 08:40:00	2016-04-15 08:40:00	\N
1287	4	1	3	2016-04-15 08:40:00	2016-04-15 08:40:00	\N
1288	4	1	1	2016-04-14 23:40:00	2016-04-14 23:40:00	\N
1289	4	1	2	2016-04-14 23:40:00	2016-04-14 23:40:00	\N
1290	5	1	3	2016-04-14 17:16:00	2016-04-14 17:16:00	\N
1291	5	1	1	2016-04-14 15:45:00	2016-04-14 15:45:00	\N
1292	2	1	1	2016-04-14 12:00:00	2016-04-14 12:00:00	\N
1293	4	1	1	2016-04-14 08:40:00	2016-04-14 08:40:00	\N
1294	4	1	2	2016-04-14 08:40:00	2016-04-14 08:40:00	\N
1295	4	1	3	2016-04-14 08:40:00	2016-04-14 08:40:00	\N
1296	4	1	1	2016-04-13 23:06:00	2016-04-13 23:06:00	\N
1297	5	1	1	2016-04-13 19:45:00	2016-04-13 19:45:00	\N
1298	4	1	1	2016-04-13 17:34:00	2016-04-13 17:34:00	\N
1299	4	1	3	2016-04-13 17:34:00	2016-04-13 17:34:00	\N
1300	5	1	1	2016-04-13 14:13:00	2016-04-13 14:13:00	\N
1301	2	1	1	2016-04-13 12:24:00	2016-04-13 12:24:00	\N
1302	2	1	2	2016-04-13 12:24:00	2016-04-13 12:24:00	\N
1303	2	1	1	2016-04-13 08:48:00	2016-04-13 08:48:00	\N
1304	2	1	2	2016-04-13 08:48:00	2016-04-13 08:48:00	\N
1305	2	1	3	2016-04-13 08:48:00	2016-04-13 08:48:00	\N
1306	4	1	1	2016-04-12 22:42:00	2016-04-12 22:42:00	\N
1307	5	1	1	2016-04-12 18:57:00	2016-04-12 18:57:00	\N
1308	2	1	3	2016-04-12 17:00:00	2016-04-12 17:00:00	\N
1309	4	1	1	2016-04-12 16:38:00	2016-04-12 16:38:00	\N
1310	5	1	1	2016-04-12 13:58:00	2016-04-12 13:58:00	\N
1311	2	1	1	2016-04-12 09:15:00	2016-04-12 09:15:00	\N
1312	2	1	2	2016-04-12 09:15:00	2016-04-12 09:15:00	\N
1313	2	1	3	2016-04-12 09:15:00	2016-04-12 09:15:00	\N
1314	4	1	1	2016-04-11 20:49:00	2016-04-11 20:49:00	\N
1315	5	1	3	2016-04-11 17:00:00	2016-04-11 17:00:00	\N
1316	5	1	1	2016-04-11 15:45:00	2016-04-11 15:45:00	\N
1317	5	1	2	2016-04-11 14:01:00	2016-04-11 14:01:00	\N
1318	4	1	2	2016-04-11 09:09:00	2016-04-11 09:09:00	\N
1319	4	1	1	2016-04-11 09:04:00	2016-04-11 09:04:00	\N
1320	4	1	3	2016-04-11 09:04:00	2016-04-11 09:04:00	\N
1321	2	1	1	2016-04-10 22:46:00	2016-04-10 22:46:00	\N
1322	2	1	1	2016-04-10 20:14:00	2016-04-10 20:14:00	\N
1323	2	1	3	2016-04-10 20:14:00	2016-04-10 20:14:00	\N
1324	5	1	1	2016-04-10 16:00:00	2016-04-10 16:00:00	\N
1325	4	1	1	2016-04-10 08:30:00	2016-04-10 08:30:00	\N
1326	4	1	2	2016-04-10 08:30:00	2016-04-10 08:30:00	\N
1327	4	1	3	2016-04-10 08:30:00	2016-04-10 08:30:00	\N
1328	5	1	1	2016-04-09 23:19:00	2016-04-09 23:19:00	\N
1329	5	1	1	2016-04-09 23:19:00	2016-04-09 23:19:00	\N
1330	2	1	1	2016-04-09 19:42:00	2016-04-09 19:42:00	\N
1331	5	1	3	2016-04-09 17:00:00	2016-04-09 17:00:00	\N
1332	2	1	1	2016-04-09 15:30:00	2016-04-09 15:30:00	\N
1333	2	1	1	2016-04-09 14:00:00	2016-04-09 14:00:00	\N
1334	2	1	2	2016-04-09 14:00:00	2016-04-09 14:00:00	\N
1335	5	1	1	2016-04-09 11:30:00	2016-04-09 11:30:00	\N
1336	4	1	1	2016-04-09 08:20:00	2016-04-09 08:20:00	\N
1337	4	1	2	2016-04-09 08:20:00	2016-04-09 08:20:00	\N
1338	4	1	3	2016-04-09 08:20:00	2016-04-09 08:20:00	\N
1339	1	1	1	2016-04-08 23:00:00	2016-04-08 23:00:00	\N
1340	1	1	1	2016-04-08 19:30:00	2016-04-08 19:30:00	\N
1341	1	1	3	2016-04-08 17:30:00	2016-04-08 17:30:00	\N
1342	1	1	2	2016-04-08 15:00:00	2016-04-08 15:00:00	\N
1343	1	1	1	2016-04-08 08:20:00	2016-04-08 08:20:00	\N
1344	1	1	2	2016-04-08 08:20:00	2016-04-08 08:20:00	\N
1345	1	1	3	2016-04-08 08:20:00	2016-04-08 08:20:00	\N
1346	1	1	1	2016-04-07 23:00:00	2016-04-07 23:00:00	\N
1347	1	1	1	2016-04-07 17:30:00	2016-04-07 17:30:00	\N
1348	1	1	3	2016-04-07 17:00:00	2016-04-07 17:00:00	\N
1349	1	1	1	2016-04-07 14:00:00	2016-04-07 14:00:00	\N
1350	1	1	1	2016-04-07 08:30:00	2016-04-07 08:30:00	\N
1351	1	1	2	2016-04-07 08:30:00	2016-04-07 08:30:00	\N
1352	1	1	3	2016-04-07 08:30:00	2016-04-07 08:30:00	\N
1353	1	1	1	2016-04-06 21:35:00	2016-04-06 21:35:00	\N
1354	1	1	1	2016-04-06 17:00:00	2016-04-06 17:00:00	\N
1355	1	1	3	2016-04-06 17:00:00	2016-04-06 17:00:00	\N
1356	1	1	1	2016-04-06 14:00:00	2016-04-06 14:00:00	\N
1357	1	1	1	2016-04-06 10:30:00	2016-04-06 10:30:00	\N
1358	1	1	1	2016-04-06 09:00:00	2016-04-06 09:00:00	\N
1359	1	1	2	2016-04-06 09:00:00	2016-04-06 09:00:00	\N
1360	1	1	3	2016-04-06 09:00:00	2016-04-06 09:00:00	\N
1361	1	1	1	2016-04-05 23:15:00	2016-04-05 23:15:00	\N
1362	1	1	1	2016-04-05 20:00:00	2016-04-05 20:00:00	\N
1363	1	1	3	2016-04-05 17:00:00	2016-04-05 17:00:00	\N
1364	1	1	2	2016-04-05 15:40:00	2016-04-05 15:40:00	\N
1365	1	1	1	2016-04-05 13:30:00	2016-04-05 13:30:00	\N
1366	1	1	2	2016-04-05 11:30:00	2016-04-05 11:30:00	\N
1367	1	1	1	2016-04-05 08:30:00	2016-04-05 08:30:00	\N
1368	1	1	3	2016-04-05 08:30:00	2016-04-05 08:30:00	\N
1369	1	1	1	2016-04-04 22:15:00	2016-04-04 22:15:00	\N
1370	1	1	3	2016-04-04 17:00:00	2016-04-04 17:00:00	\N
1371	1	1	1	2016-04-04 16:00:00	2016-04-04 16:00:00	\N
1372	1	1	1	2016-04-04 12:00:00	2016-04-04 12:00:00	\N
1373	1	1	1	2016-04-04 09:30:00	2016-04-04 09:30:00	\N
1374	1	1	2	2016-04-04 09:30:00	2016-04-04 09:30:00	\N
1375	1	1	3	2016-04-04 09:30:00	2016-04-04 09:30:00	\N
1376	1	1	1	2016-04-03 22:45:00	2016-04-03 22:45:00	\N
1377	1	1	2	2016-04-03 22:45:00	2016-04-03 22:45:00	\N
1378	1	1	1	2016-04-03 20:40:00	2016-04-03 20:40:00	\N
1379	1	1	2	2016-04-03 19:30:00	2016-04-03 19:30:00	\N
1380	1	1	3	2016-04-03 17:00:00	2016-04-03 17:00:00	\N
1381	1	1	1	2016-04-03 15:30:00	2016-04-03 15:30:00	\N
1382	1	1	1	2016-04-03 14:00:00	2016-04-03 14:00:00	\N
1383	1	1	2	2016-04-03 11:00:00	2016-04-03 11:00:00	\N
1384	1	1	1	2016-04-03 09:30:00	2016-04-03 09:30:00	\N
1385	1	1	3	2016-04-03 09:30:00	2016-04-03 09:30:00	\N
1386	1	1	1	2016-04-02 23:00:00	2016-04-02 23:00:00	\N
1387	1	1	1	2016-04-02 21:00:00	2016-04-02 21:00:00	\N
1388	1	1	1	2016-04-02 19:30:00	2016-04-02 19:30:00	\N
1389	1	1	1	2016-04-02 17:30:00	2016-04-02 17:30:00	\N
1390	1	1	3	2016-04-02 17:00:00	2016-04-02 17:00:00	\N
1391	1	1	2	2016-04-02 15:00:00	2016-04-02 15:00:00	\N
1392	1	1	1	2016-04-02 11:00:00	2016-04-02 11:00:00	\N
1393	1	1	3	2016-04-02 11:00:00	2016-04-02 11:00:00	\N
1394	1	1	1	2016-04-01 21:45:00	2016-04-01 21:45:00	\N
1395	1	1	1	2016-04-01 19:30:00	2016-04-01 19:30:00	\N
1396	1	1	2	2016-04-01 18:00:00	2016-04-01 18:00:00	\N
1397	1	1	3	2016-04-01 18:00:00	2016-04-01 18:00:00	\N
1398	1	1	1	2016-04-01 12:00:00	2016-04-01 12:00:00	\N
1399	1	1	3	2016-04-01 12:00:00	2016-04-01 12:00:00	\N
1400	1	1	1	2016-04-01 00:00:00	2016-04-01 00:00:00	\N
1401	1	1	1	2016-03-31 22:00:00	2016-03-31 22:00:00	\N
1402	1	1	1	2016-03-31 21:00:00	2016-03-31 21:00:00	\N
1403	1	1	1	2016-03-31 20:00:00	2016-03-31 20:00:00	\N
1404	1	1	2	2016-03-31 17:30:00	2016-03-31 17:30:00	\N
1405	1	1	3	2016-03-31 17:00:00	2016-03-31 17:00:00	\N
1406	1	1	1	2016-03-31 13:30:00	2016-03-31 13:30:00	\N
1407	1	1	1	2016-03-31 11:00:00	2016-03-31 11:00:00	\N
1408	1	1	3	2016-03-31 11:00:00	2016-03-31 11:00:00	\N
1409	1	1	1	2016-03-30 23:00:00	2016-03-30 23:00:00	\N
1410	1	1	1	2016-03-30 20:15:00	2016-03-30 20:15:00	\N
1411	1	1	1	2016-03-30 19:15:00	2016-03-30 19:15:00	\N
1412	1	1	3	2016-03-30 18:00:00	2016-03-30 18:00:00	\N
1413	1	1	2	2016-03-30 16:00:00	2016-03-30 16:00:00	\N
1414	1	1	1	2016-03-30 15:30:00	2016-03-30 15:30:00	\N
1415	1	1	2	2016-03-30 13:45:00	2016-03-30 13:45:00	\N
1416	1	1	1	2016-03-30 12:00:00	2016-03-30 12:00:00	\N
1417	1	1	3	2016-03-30 12:00:00	2016-03-30 12:00:00	\N
1418	1	1	1	2016-03-29 22:30:00	2016-03-29 22:30:00	\N
1419	1	1	2	2016-03-29 19:45:00	2016-03-29 19:45:00	\N
1420	1	1	1	2016-03-29 18:00:00	2016-03-29 18:00:00	\N
1421	1	1	3	2016-03-29 17:15:00	2016-03-29 17:15:00	\N
1422	1	1	2	2016-03-29 14:00:00	2016-03-29 14:00:00	\N
1423	1	1	1	2016-03-29 10:30:00	2016-03-29 10:30:00	\N
1424	1	1	2	2016-03-29 08:30:00	2016-03-29 08:30:00	\N
1425	1	1	3	2016-03-29 08:30:00	2016-03-29 08:30:00	\N
1426	1	1	1	2016-03-29 04:30:00	2016-03-29 04:30:00	\N
1427	1	1	2	2016-03-28 20:30:00	2016-03-28 20:30:00	\N
1428	1	1	1	2016-03-28 17:00:00	2016-03-28 17:00:00	\N
1429	1	1	3	2016-03-28 17:00:00	2016-03-28 17:00:00	\N
1430	1	1	1	2016-03-28 08:15:00	2016-03-28 08:15:00	\N
1431	1	1	3	2016-03-28 08:15:00	2016-03-28 08:15:00	\N
1432	1	1	1	2016-03-27 23:15:00	2016-03-27 23:15:00	\N
1433	1	1	3	2016-03-27 17:30:00	2016-03-27 17:30:00	\N
1434	1	1	1	2016-03-27 17:00:00	2016-03-27 17:00:00	\N
1435	1	1	1	2016-03-27 15:00:00	2016-03-27 15:00:00	\N
1436	1	1	2	2016-03-27 15:00:00	2016-03-27 15:00:00	\N
1437	1	1	1	2016-03-27 11:15:00	2016-03-27 11:15:00	\N
1438	1	1	1	2016-03-27 08:45:00	2016-03-27 08:45:00	\N
1439	1	1	2	2016-03-27 08:45:00	2016-03-27 08:45:00	\N
1440	1	1	3	2016-03-27 08:45:00	2016-03-27 08:45:00	\N
1441	1	1	1	2016-03-26 20:30:00	2016-03-26 20:30:00	\N
1442	1	1	3	2016-03-26 17:00:00	2016-03-26 17:00:00	\N
1443	1	1	1	2016-03-26 15:30:00	2016-03-26 15:30:00	\N
1444	1	1	2	2016-03-26 15:30:00	2016-03-26 15:30:00	\N
1445	1	1	1	2016-03-26 13:30:00	2016-03-26 13:30:00	\N
1446	1	1	1	2016-03-26 08:30:00	2016-03-26 08:30:00	\N
1447	1	1	2	2016-03-26 08:30:00	2016-03-26 08:30:00	\N
1448	1	1	3	2016-03-26 08:30:00	2016-03-26 08:30:00	\N
1449	1	1	1	2016-03-26 00:00:00	2016-03-26 00:00:00	\N
1450	1	1	2	2016-03-25 22:45:00	2016-03-25 22:45:00	\N
1451	1	1	1	2016-03-25 19:00:00	2016-03-25 19:00:00	\N
1452	1	1	3	2016-03-25 17:00:00	2016-03-25 17:00:00	\N
1453	1	1	1	2016-03-25 16:30:00	2016-03-25 16:30:00	\N
1454	1	1	1	2016-03-25 12:15:00	2016-03-25 12:15:00	\N
1455	1	1	1	2016-03-25 08:15:00	2016-03-25 08:15:00	\N
1456	1	1	2	2016-03-25 08:15:00	2016-03-25 08:15:00	\N
1457	1	1	3	2016-03-25 08:15:00	2016-03-25 08:15:00	\N
1458	1	1	1	2016-03-24 22:30:00	2016-03-24 22:30:00	\N
1459	1	1	3	2016-03-24 17:15:00	2016-03-24 17:15:00	\N
1460	1	1	1	2016-03-24 15:00:00	2016-03-24 15:00:00	\N
1461	1	1	2	2016-03-24 11:40:00	2016-03-24 11:40:00	\N
1462	1	1	1	2016-03-24 09:00:00	2016-03-24 09:00:00	\N
1463	1	1	3	2016-03-24 09:00:00	2016-03-24 09:00:00	\N
1464	1	1	1	2016-03-23 23:00:00	2016-03-23 23:00:00	\N
1465	1	1	2	2016-03-23 20:30:00	2016-03-23 20:30:00	\N
1466	1	1	1	2016-03-23 19:30:00	2016-03-23 19:30:00	\N
1467	1	1	3	2016-03-23 17:30:00	2016-03-23 17:30:00	\N
1468	1	1	1	2016-03-23 16:30:00	2016-03-23 16:30:00	\N
1469	1	1	1	2016-03-23 14:00:00	2016-03-23 14:00:00	\N
1470	1	1	2	2016-03-23 10:30:00	2016-03-23 10:30:00	\N
1471	1	1	1	2016-03-23 08:45:00	2016-03-23 08:45:00	\N
1472	1	1	3	2016-03-23 08:45:00	2016-03-23 08:45:00	\N
1473	1	1	1	2016-03-22 22:15:00	2016-03-22 22:15:00	\N
1474	1	1	1	2016-03-22 20:30:00	2016-03-22 20:30:00	\N
1475	1	1	1	2016-03-22 19:00:00	2016-03-22 19:00:00	\N
1476	1	1	1	2016-03-22 18:30:00	2016-03-22 18:30:00	\N
1477	1	1	3	2016-03-22 17:00:00	2016-03-22 17:00:00	\N
1478	1	1	2	2016-03-22 15:15:00	2016-03-22 15:15:00	\N
1479	1	1	1	2016-03-22 13:45:00	2016-03-22 13:45:00	\N
1480	1	1	1	2016-03-22 08:30:00	2016-03-22 08:30:00	\N
1481	1	1	3	2016-03-22 08:30:00	2016-03-22 08:30:00	\N
1482	1	1	1	2016-03-21 23:00:00	2016-03-21 23:00:00	\N
1483	1	1	1	2016-03-21 20:00:00	2016-03-21 20:00:00	\N
1484	1	1	3	2016-03-21 17:00:00	2016-03-21 17:00:00	\N
1485	1	1	1	2016-03-21 16:45:00	2016-03-21 16:45:00	\N
1486	1	1	1	2016-03-21 10:00:00	2016-03-21 10:00:00	\N
1487	1	1	2	2016-03-21 10:00:00	2016-03-21 10:00:00	\N
1488	1	1	1	2016-03-21 08:30:00	2016-03-21 08:30:00	\N
1489	1	1	3	2016-03-21 08:30:00	2016-03-21 08:30:00	\N
1490	1	1	1	2016-03-20 21:30:00	2016-03-20 21:30:00	\N
1491	1	1	1	2016-03-20 18:15:00	2016-03-20 18:15:00	\N
1492	1	1	3	2016-03-20 18:15:00	2016-03-20 18:15:00	\N
1493	1	1	2	2016-03-20 16:00:00	2016-03-20 16:00:00	\N
1494	1	1	1	2016-03-20 10:45:00	2016-03-20 10:45:00	\N
1495	1	1	1	2016-03-20 09:00:00	2016-03-20 09:00:00	\N
1496	1	1	3	2016-03-20 09:00:00	2016-03-20 09:00:00	\N
1497	1	1	1	2016-03-19 23:00:00	2016-03-19 23:00:00	\N
1498	1	1	1	2016-03-19 21:00:00	2016-03-19 21:00:00	\N
1499	1	1	2	2016-03-19 20:00:00	2016-03-19 20:00:00	\N
1500	1	1	3	2016-03-19 18:30:00	2016-03-19 18:30:00	\N
1501	1	1	1	2016-03-19 17:00:00	2016-03-19 17:00:00	\N
1502	1	1	1	2016-03-19 12:00:00	2016-03-19 12:00:00	\N
1503	1	1	3	2016-03-19 12:00:00	2016-03-19 12:00:00	\N
1504	1	1	2	2016-03-19 01:30:00	2016-03-19 01:30:00	\N
1505	1	1	1	2016-03-18 23:30:00	2016-03-18 23:30:00	\N
1506	1	1	1	2016-03-18 21:45:00	2016-03-18 21:45:00	\N
1507	1	1	3	2016-03-18 17:00:00	2016-03-18 17:00:00	\N
1508	1	1	2	2016-03-18 16:00:00	2016-03-18 16:00:00	\N
1509	1	1	1	2016-03-18 14:00:00	2016-03-18 14:00:00	\N
1510	1	1	1	2016-03-18 12:00:00	2016-03-18 12:00:00	\N
1511	1	1	2	2016-03-18 10:15:00	2016-03-18 10:15:00	\N
1512	1	1	1	2016-03-18 09:30:00	2016-03-18 09:30:00	\N
1513	1	1	3	2016-03-18 09:30:00	2016-03-18 09:30:00	\N
1514	1	1	1	2016-03-18 01:00:00	2016-03-18 01:00:00	\N
1515	1	1	2	2016-03-17 22:00:00	2016-03-17 22:00:00	\N
1516	1	1	1	2016-03-17 18:00:00	2016-03-17 18:00:00	\N
1517	1	1	3	2016-03-17 17:30:00	2016-03-17 17:30:00	\N
1518	1	1	1	2016-03-17 15:00:00	2016-03-17 15:00:00	\N
1519	1	1	2	2016-03-17 11:00:00	2016-03-17 11:00:00	\N
1520	1	1	3	2016-03-17 11:00:00	2016-03-17 11:00:00	\N
1521	1	1	1	2016-03-17 01:30:00	2016-03-17 01:30:00	\N
1522	1	1	1	2016-03-16 21:30:00	2016-03-16 21:30:00	\N
1523	1	1	1	2016-03-16 19:30:00	2016-03-16 19:30:00	\N
1524	1	1	2	2016-03-16 19:00:00	2016-03-16 19:00:00	\N
1525	1	1	3	2016-03-16 19:00:00	2016-03-16 19:00:00	\N
1526	1	1	1	2016-03-16 12:00:00	2016-03-16 12:00:00	\N
1527	1	1	3	2016-03-16 12:00:00	2016-03-16 12:00:00	\N
1528	1	1	1	2016-03-16 02:15:00	2016-03-16 02:15:00	\N
1529	1	1	2	2016-03-16 01:15:00	2016-03-16 01:15:00	\N
1530	1	1	1	2016-03-15 22:00:00	2016-03-15 22:00:00	\N
1531	1	1	1	2016-03-15 20:00:00	2016-03-15 20:00:00	\N
1532	1	1	1	2016-03-15 18:00:00	2016-03-15 18:00:00	\N
1533	1	1	3	2016-03-15 18:00:00	2016-03-15 18:00:00	\N
1534	1	1	1	2016-03-15 15:15:00	2016-03-15 15:15:00	\N
1535	1	1	2	2016-03-15 15:15:00	2016-03-15 15:15:00	\N
1536	1	1	2	2016-03-15 12:00:00	2016-03-15 12:00:00	\N
1537	1	1	3	2016-03-15 12:00:00	2016-03-15 12:00:00	\N
1538	1	1	1	2016-03-14 23:30:00	2016-03-14 23:30:00	\N
1539	1	1	1	2016-03-14 18:30:00	2016-03-14 18:30:00	\N
1540	1	1	3	2016-03-14 18:30:00	2016-03-14 18:30:00	\N
1541	1	1	1	2016-03-14 11:00:00	2016-03-14 11:00:00	\N
1542	1	1	3	2016-03-14 11:00:00	2016-03-14 11:00:00	\N
1543	1	1	1	2016-03-14 01:30:00	2016-03-14 01:30:00	\N
1544	1	1	1	2016-03-13 23:00:00	2016-03-13 23:00:00	\N
1545	1	1	1	2016-03-13 21:00:00	2016-03-13 21:00:00	\N
1546	1	1	2	2016-03-13 19:00:00	2016-03-13 19:00:00	\N
1547	1	1	1	2016-03-13 17:15:00	2016-03-13 17:15:00	\N
1548	1	1	3	2016-03-13 17:15:00	2016-03-13 17:15:00	\N
1549	1	1	1	2016-03-13 14:00:00	2016-03-13 14:00:00	\N
1550	1	1	2	2016-03-13 14:00:00	2016-03-13 14:00:00	\N
1551	1	1	1	2016-03-13 12:00:00	2016-03-13 12:00:00	\N
1552	1	1	3	2016-03-13 12:00:00	2016-03-13 12:00:00	\N
1553	1	1	1	2016-03-13 00:00:00	2016-03-13 00:00:00	\N
1554	1	1	1	2016-03-12 21:00:00	2016-03-12 21:00:00	\N
1555	1	1	2	2016-03-12 17:45:00	2016-03-12 17:45:00	\N
1556	1	1	3	2016-03-12 17:45:00	2016-03-12 17:45:00	\N
1557	1	1	1	2016-03-12 15:30:00	2016-03-12 15:30:00	\N
1558	1	1	1	2016-03-12 12:00:00	2016-03-12 12:00:00	\N
1559	1	1	3	2016-03-12 12:00:00	2016-03-12 12:00:00	\N
1560	1	1	2	2016-03-12 00:30:00	2016-03-12 00:30:00	\N
1561	1	1	1	2016-03-11 22:30:00	2016-03-11 22:30:00	\N
1562	1	1	3	2016-03-11 17:30:00	2016-03-11 17:30:00	\N
1563	1	1	2	2016-03-11 12:00:00	2016-03-11 12:00:00	\N
1564	1	1	1	2016-03-11 10:00:00	2016-03-11 10:00:00	\N
1565	1	1	3	2016-03-11 10:00:00	2016-03-11 10:00:00	\N
1566	1	1	1	2016-03-11 01:00:00	2016-03-11 01:00:00	\N
1567	1	1	1	2016-03-10 18:45:00	2016-03-10 18:45:00	\N
1568	1	1	3	2016-03-10 17:00:00	2016-03-10 17:00:00	\N
1569	1	1	1	2016-03-10 15:30:00	2016-03-10 15:30:00	\N
1570	1	1	2	2016-03-10 13:30:00	2016-03-10 13:30:00	\N
1571	1	1	1	2016-03-10 10:00:00	2016-03-10 10:00:00	\N
1572	1	1	3	2016-03-10 10:00:00	2016-03-10 10:00:00	\N
1573	1	1	1	2016-03-09 23:30:00	2016-03-09 23:30:00	\N
1574	1	1	1	2016-03-09 20:30:00	2016-03-09 20:30:00	\N
1575	1	1	1	2016-03-09 20:10:00	2016-03-09 20:10:00	\N
1576	1	1	1	2016-03-09 18:30:00	2016-03-09 18:30:00	\N
1577	1	1	2	2016-03-09 16:45:00	2016-03-09 16:45:00	\N
1578	1	1	3	2016-03-09 16:45:00	2016-03-09 16:45:00	\N
1579	1	1	1	2016-03-09 14:30:00	2016-03-09 14:30:00	\N
1580	1	1	1	2016-03-09 11:00:00	2016-03-09 11:00:00	\N
1581	1	1	3	2016-03-09 11:00:00	2016-03-09 11:00:00	\N
1582	1	1	1	2016-03-08 22:30:00	2016-03-08 22:30:00	\N
1583	1	1	1	2016-03-08 20:00:00	2016-03-08 20:00:00	\N
1584	1	1	3	2016-03-08 18:30:00	2016-03-08 18:30:00	\N
1585	1	1	1	2016-03-08 17:15:00	2016-03-08 17:15:00	\N
1586	1	1	2	2016-03-08 17:15:00	2016-03-08 17:15:00	\N
1587	1	1	1	2016-03-08 16:00:00	2016-03-08 16:00:00	\N
1588	1	1	1	2016-03-08 10:00:00	2016-03-08 10:00:00	\N
1589	1	1	3	2016-03-08 10:00:00	2016-03-08 10:00:00	\N
1590	1	1	2	2016-03-08 00:30:00	2016-03-08 00:30:00	\N
1591	1	1	1	2016-03-07 20:15:00	2016-03-07 20:15:00	\N
1592	1	1	1	2016-03-07 19:45:00	2016-03-07 19:45:00	\N
1593	1	1	3	2016-03-07 18:00:00	2016-03-07 18:00:00	\N
1594	1	1	1	2016-03-07 15:30:00	2016-03-07 15:30:00	\N
1595	1	1	1	2016-03-07 10:00:00	2016-03-07 10:00:00	\N
1596	1	1	3	2016-03-07 10:00:00	2016-03-07 10:00:00	\N
1597	1	1	1	2016-03-06 22:30:00	2016-03-06 22:30:00	\N
1598	1	1	1	2016-03-06 18:30:00	2016-03-06 18:30:00	\N
1599	1	1	2	2016-03-06 11:30:00	2016-03-06 11:30:00	\N
1600	1	1	3	2016-03-06 11:30:00	2016-03-06 11:30:00	\N
1601	1	1	1	2016-03-06 10:00:00	2016-03-06 10:00:00	\N
1602	1	1	2	2016-03-06 10:00:00	2016-03-06 10:00:00	\N
1603	1	1	3	2016-03-06 10:00:00	2016-03-06 10:00:00	\N
1604	1	1	1	2016-03-06 00:00:00	2016-03-06 00:00:00	\N
1605	1	1	1	2016-03-05 21:00:00	2016-03-05 21:00:00	\N
1606	1	1	2	2016-03-05 21:00:00	2016-03-05 21:00:00	\N
1607	1	1	1	2016-03-05 12:45:00	2016-03-05 12:45:00	\N
1608	1	1	1	2016-03-05 09:00:00	2016-03-05 09:00:00	\N
1609	1	1	3	2016-03-05 09:00:00	2016-03-05 09:00:00	\N
1610	1	1	1	2016-03-05 06:40:00	2016-03-05 06:40:00	\N
1611	1	1	2	2016-03-05 06:40:00	2016-03-05 06:40:00	\N
1612	1	1	3	2016-03-05 06:40:00	2016-03-05 06:40:00	\N
1613	1	1	1	2016-03-05 00:00:00	2016-03-05 00:00:00	\N
1614	1	1	2	2016-03-04 21:30:00	2016-03-04 21:30:00	\N
1615	1	1	3	2016-03-04 21:30:00	2016-03-04 21:30:00	\N
1616	1	1	1	2016-03-04 18:45:00	2016-03-04 18:45:00	\N
1617	1	1	1	2016-03-04 15:40:00	2016-03-04 15:40:00	\N
1618	1	1	1	2016-03-04 13:30:00	2016-03-04 13:30:00	\N
1619	1	1	2	2016-03-04 09:40:00	2016-03-04 09:40:00	\N
1620	1	1	1	2016-03-04 08:00:00	2016-03-04 08:00:00	\N
1621	1	1	3	2016-03-04 08:00:00	2016-03-04 08:00:00	\N
1622	1	1	1	2016-03-03 21:15:00	2016-03-03 21:15:00	\N
1623	1	1	1	2016-03-03 18:00:00	2016-03-03 18:00:00	\N
1624	1	1	2	2016-03-03 18:00:00	2016-03-03 18:00:00	\N
1625	1	1	3	2016-03-03 17:20:00	2016-03-03 17:20:00	\N
1626	1	1	1	2016-03-03 15:00:00	2016-03-03 15:00:00	\N
1627	1	1	2	2016-03-03 12:30:00	2016-03-03 12:30:00	\N
1628	1	1	1	2016-03-03 11:00:00	2016-03-03 11:00:00	\N
1629	1	1	3	2016-03-03 11:00:00	2016-03-03 11:00:00	\N
1630	1	1	1	2016-03-03 00:00:00	2016-03-03 00:00:00	\N
1631	1	1	1	2016-03-02 21:15:00	2016-03-02 21:15:00	\N
1632	1	1	2	2016-03-02 18:05:00	2016-03-02 18:05:00	\N
1633	1	1	1	2016-03-02 17:15:00	2016-03-02 17:15:00	\N
1634	1	1	3	2016-03-02 17:15:00	2016-03-02 17:15:00	\N
1635	1	1	1	2016-03-02 15:00:00	2016-03-02 15:00:00	\N
1636	1	1	1	2016-03-02 10:00:00	2016-03-02 10:00:00	\N
1637	1	1	3	2016-03-02 10:00:00	2016-03-02 10:00:00	\N
1638	1	1	1	2016-03-02 01:10:00	2016-03-02 01:10:00	\N
1639	1	1	1	2016-03-01 23:10:00	2016-03-01 23:10:00	\N
1640	1	1	1	2016-03-01 21:15:00	2016-03-01 21:15:00	\N
1641	1	1	2	2016-03-01 20:40:00	2016-03-01 20:40:00	\N
1642	1	1	1	2016-03-01 17:15:00	2016-03-01 17:15:00	\N
1643	1	1	3	2016-03-01 17:15:00	2016-03-01 17:15:00	\N
1644	1	1	1	2016-03-01 14:15:00	2016-03-01 14:15:00	\N
1645	1	1	2	2016-03-01 12:00:00	2016-03-01 12:00:00	\N
1646	1	1	1	2016-03-01 10:00:00	2016-03-01 10:00:00	\N
1647	1	1	3	2016-03-01 10:00:00	2016-03-01 10:00:00	\N
1648	1	1	1	2016-03-01 00:30:00	2016-03-01 00:30:00	\N
1649	1	1	1	2016-02-28 21:30:00	2016-02-28 21:30:00	\N
1650	1	1	2	2016-02-28 18:45:00	2016-02-28 18:45:00	\N
1651	1	1	1	2016-02-28 17:00:00	2016-02-28 17:00:00	\N
1652	1	1	3	2016-02-28 17:00:00	2016-02-28 17:00:00	\N
1653	1	1	2	2016-02-28 14:00:00	2016-02-28 14:00:00	\N
1654	1	1	1	2016-02-28 11:00:00	2016-02-28 11:00:00	\N
1655	1	1	3	2016-02-28 11:00:00	2016-02-28 11:00:00	\N
1656	1	1	1	2016-02-27 23:25:00	2016-02-27 23:25:00	\N
1657	1	1	1	2016-02-27 20:00:00	2016-02-27 20:00:00	\N
1658	1	1	1	2016-02-27 17:50:00	2016-02-27 17:50:00	\N
1659	1	1	3	2016-02-27 17:30:00	2016-02-27 17:30:00	\N
1660	1	1	2	2016-02-27 15:00:00	2016-02-27 15:00:00	\N
1661	1	1	1	2016-02-27 11:00:00	2016-02-27 11:00:00	\N
1662	1	1	3	2016-02-27 11:00:00	2016-02-27 11:00:00	\N
1663	1	1	1	2016-02-26 22:45:00	2016-02-26 22:45:00	\N
1664	1	1	1	2016-02-26 21:10:00	2016-02-26 21:10:00	\N
1665	1	1	1	2016-02-26 20:00:00	2016-02-26 20:00:00	\N
1666	1	1	2	2016-02-26 20:00:00	2016-02-26 20:00:00	\N
1667	1	1	1	2016-02-26 16:30:00	2016-02-26 16:30:00	\N
1668	1	1	3	2016-02-26 16:30:00	2016-02-26 16:30:00	\N
1669	1	1	2	2016-02-26 12:30:00	2016-02-26 12:30:00	\N
1670	1	1	1	2016-02-26 11:00:00	2016-02-26 11:00:00	\N
1671	1	1	3	2016-02-26 11:00:00	2016-02-26 11:00:00	\N
1672	1	1	1	2016-02-25 20:30:00	2016-02-25 20:30:00	\N
1673	1	1	1	2016-02-25 17:30:00	2016-02-25 17:30:00	\N
1674	1	1	3	2016-02-25 17:15:00	2016-02-25 17:15:00	\N
1675	1	1	1	2016-02-25 16:20:00	2016-02-25 16:20:00	\N
1676	1	1	1	2016-02-25 11:30:00	2016-02-25 11:30:00	\N
1677	1	1	3	2016-02-25 11:30:00	2016-02-25 11:30:00	\N
1678	1	1	2	2016-02-25 01:00:00	2016-02-25 01:00:00	\N
1679	1	1	1	2016-02-24 23:00:00	2016-02-24 23:00:00	\N
1680	1	1	1	2016-02-24 18:30:00	2016-02-24 18:30:00	\N
1681	1	1	3	2016-02-24 17:00:00	2016-02-24 17:00:00	\N
1682	1	1	2	2016-02-24 10:20:00	2016-02-24 10:20:00	\N
1683	1	1	1	2016-02-24 10:00:00	2016-02-24 10:00:00	\N
1684	1	1	3	2016-02-24 10:00:00	2016-02-24 10:00:00	\N
1685	1	1	1	2016-02-23 23:00:00	2016-02-23 23:00:00	\N
1686	1	1	1	2016-02-23 20:00:00	2016-02-23 20:00:00	\N
1687	1	1	1	2016-02-23 19:00:00	2016-02-23 19:00:00	\N
1688	1	1	1	2016-02-23 17:00:00	2016-02-23 17:00:00	\N
1689	1	1	3	2016-02-23 17:00:00	2016-02-23 17:00:00	\N
1690	1	1	1	2016-02-23 12:00:00	2016-02-23 12:00:00	\N
1691	1	1	2	2016-02-23 11:00:00	2016-02-23 11:00:00	\N
1692	1	1	1	2016-02-23 10:00:00	2016-02-23 10:00:00	\N
1693	1	1	3	2016-02-23 10:00:00	2016-02-23 10:00:00	\N
1694	1	1	1	2016-02-22 22:45:00	2016-02-22 22:45:00	\N
1695	1	1	2	2016-02-22 20:00:00	2016-02-22 20:00:00	\N
1696	1	1	1	2016-02-22 17:45:00	2016-02-22 17:45:00	\N
1697	1	1	3	2016-02-22 17:30:00	2016-02-22 17:30:00	\N
1698	1	1	1	2016-02-22 11:00:00	2016-02-22 11:00:00	\N
1699	1	1	3	2016-02-22 11:00:00	2016-02-22 11:00:00	\N
1700	1	1	2	2016-02-22 01:00:00	2016-02-22 01:00:00	\N
1701	1	1	1	2016-02-21 21:00:00	2016-02-21 21:00:00	\N
1702	1	1	2	2016-02-21 19:30:00	2016-02-21 19:30:00	\N
1703	1	1	3	2016-02-21 17:20:00	2016-02-21 17:20:00	\N
1704	1	1	1	2016-02-21 15:00:00	2016-02-21 15:00:00	\N
1705	1	1	2	2016-02-21 12:45:00	2016-02-21 12:45:00	\N
1706	1	1	1	2016-02-21 11:00:00	2016-02-21 11:00:00	\N
1707	1	1	3	2016-02-21 11:00:00	2016-02-21 11:00:00	\N
1708	1	1	1	2016-02-20 20:00:00	2016-02-20 20:00:00	\N
1709	1	1	1	2016-02-20 18:50:00	2016-02-20 18:50:00	\N
1710	1	1	3	2016-02-20 17:00:00	2016-02-20 17:00:00	\N
1711	1	1	1	2016-02-20 16:00:00	2016-02-20 16:00:00	\N
1712	1	1	2	2016-02-20 12:00:00	2016-02-20 12:00:00	\N
1713	1	1	1	2016-02-20 11:00:00	2016-02-20 11:00:00	\N
1714	1	1	3	2016-02-20 11:00:00	2016-02-20 11:00:00	\N
1715	1	1	1	2016-02-19 19:30:00	2016-02-19 19:30:00	\N
1716	1	1	3	2016-02-19 17:00:00	2016-02-19 17:00:00	\N
1717	1	1	2	2016-02-19 16:20:00	2016-02-19 16:20:00	\N
1718	1	1	1	2016-02-19 14:00:00	2016-02-19 14:00:00	\N
1719	1	1	1	2016-02-19 07:45:00	2016-02-19 07:45:00	\N
1720	1	1	3	2016-02-19 07:45:00	2016-02-19 07:45:00	\N
1721	1	1	1	2016-02-18 23:45:00	2016-02-18 23:45:00	\N
1722	1	1	2	2016-02-18 20:20:00	2016-02-18 20:20:00	\N
1723	1	1	3	2016-02-18 17:30:00	2016-02-18 17:30:00	\N
1724	1	1	1	2016-02-18 14:15:00	2016-02-18 14:15:00	\N
1725	1	1	2	2016-02-18 12:00:00	2016-02-18 12:00:00	\N
1726	1	1	1	2016-02-18 11:00:00	2016-02-18 11:00:00	\N
1727	1	1	3	2016-02-18 11:00:00	2016-02-18 11:00:00	\N
1728	1	1	1	2016-02-17 23:30:00	2016-02-17 23:30:00	\N
1729	1	1	3	2016-02-17 17:05:00	2016-02-17 17:05:00	\N
1730	1	1	2	2016-02-17 15:15:00	2016-02-17 15:15:00	\N
1731	1	1	1	2016-02-17 13:30:00	2016-02-17 13:30:00	\N
1732	1	1	1	2016-02-17 10:00:00	2016-02-17 10:00:00	\N
1733	1	1	3	2016-02-17 10:00:00	2016-02-17 10:00:00	\N
1734	1	1	1	2016-02-17 00:30:00	2016-02-17 00:30:00	\N
1735	1	1	1	2016-02-17 00:00:00	2016-02-17 00:00:00	\N
1736	1	1	1	2016-02-16 20:30:00	2016-02-16 20:30:00	\N
1737	1	1	2	2016-02-16 18:30:00	2016-02-16 18:30:00	\N
1738	1	1	3	2016-02-16 17:05:00	2016-02-16 17:05:00	\N
1739	1	1	2	2016-02-16 14:15:00	2016-02-16 14:15:00	\N
1740	1	1	1	2016-02-16 11:00:00	2016-02-16 11:00:00	\N
1741	1	1	3	2016-02-16 11:00:00	2016-02-16 11:00:00	\N
1742	1	1	1	2016-02-15 20:15:00	2016-02-15 20:15:00	\N
1743	1	1	1	2016-02-15 18:00:00	2016-02-15 18:00:00	\N
1744	1	1	3	2016-02-15 17:00:00	2016-02-15 17:00:00	\N
1745	1	1	2	2016-02-15 11:00:00	2016-02-15 11:00:00	\N
1746	1	1	1	2016-02-15 07:45:00	2016-02-15 07:45:00	\N
1747	1	1	3	2016-02-15 07:45:00	2016-02-15 07:45:00	\N
1748	1	1	1	2016-02-14 20:30:00	2016-02-14 20:30:00	\N
1749	1	1	2	2016-02-14 20:30:00	2016-02-14 20:30:00	\N
1750	1	1	3	2016-02-14 18:00:00	2016-02-14 18:00:00	\N
1751	1	1	1	2016-02-14 16:05:00	2016-02-14 16:05:00	\N
1752	1	1	2	2016-02-14 08:25:00	2016-02-14 08:25:00	\N
1753	1	1	1	2016-02-14 08:15:00	2016-02-14 08:15:00	\N
1754	1	1	3	2016-02-14 08:15:00	2016-02-14 08:15:00	\N
1755	1	1	1	2016-02-13 22:15:00	2016-02-13 22:15:00	\N
1756	1	1	3	2016-02-13 16:45:00	2016-02-13 16:45:00	\N
1757	1	1	1	2016-02-13 16:40:00	2016-02-13 16:40:00	\N
1758	1	1	2	2016-02-13 13:00:00	2016-02-13 13:00:00	\N
1759	1	1	1	2016-02-13 08:45:00	2016-02-13 08:45:00	\N
1760	1	1	3	2016-02-13 08:45:00	2016-02-13 08:45:00	\N
1761	1	1	1	2016-02-12 23:30:00	2016-02-12 23:30:00	\N
1762	1	1	1	2016-02-12 21:15:00	2016-02-12 21:15:00	\N
1763	1	1	2	2016-02-12 21:15:00	2016-02-12 21:15:00	\N
1764	1	1	3	2016-02-12 17:20:00	2016-02-12 17:20:00	\N
1765	1	1	1	2016-02-12 16:00:00	2016-02-12 16:00:00	\N
1766	1	1	1	2016-02-12 07:45:00	2016-02-12 07:45:00	\N
1767	1	1	2	2016-02-12 07:45:00	2016-02-12 07:45:00	\N
1768	1	1	3	2016-02-12 07:45:00	2016-02-12 07:45:00	\N
1769	1	1	1	2016-02-11 23:00:00	2016-02-11 23:00:00	\N
1770	1	1	3	2016-02-11 17:00:00	2016-02-11 17:00:00	\N
1771	1	1	1	2016-02-11 16:00:00	2016-02-11 16:00:00	\N
1772	1	1	1	2016-02-11 12:00:00	2016-02-11 12:00:00	\N
1773	1	1	2	2016-02-11 12:00:00	2016-02-11 12:00:00	\N
1774	1	1	1	2016-02-11 07:30:00	2016-02-11 07:30:00	\N
1775	1	1	3	2016-02-11 07:30:00	2016-02-11 07:30:00	\N
1776	1	1	1	2016-02-10 17:10:00	2016-02-10 17:10:00	\N
1777	1	1	2	2016-02-10 17:10:00	2016-02-10 17:10:00	\N
1778	1	1	3	2016-02-10 17:00:00	2016-02-10 17:00:00	\N
1779	1	1	1	2016-02-10 15:45:00	2016-02-10 15:45:00	\N
1780	1	1	1	2016-02-10 08:30:00	2016-02-10 08:30:00	\N
1781	1	1	3	2016-02-10 08:30:00	2016-02-10 08:30:00	\N
1782	1	1	1	2016-02-09 23:20:00	2016-02-09 23:20:00	\N
1783	1	1	2	2016-02-09 23:20:00	2016-02-09 23:20:00	\N
1784	1	1	1	2016-02-09 18:00:00	2016-02-09 18:00:00	\N
1785	1	1	3	2016-02-09 17:30:00	2016-02-09 17:30:00	\N
1786	1	1	2	2016-02-09 16:15:00	2016-02-09 16:15:00	\N
1787	1	1	1	2016-02-09 13:45:00	2016-02-09 13:45:00	\N
1788	1	1	1	2016-02-09 08:45:00	2016-02-09 08:45:00	\N
1789	1	1	3	2016-02-09 08:45:00	2016-02-09 08:45:00	\N
1790	1	1	1	2016-02-09 00:00:00	2016-02-09 00:00:00	\N
1791	1	1	1	2016-02-08 17:15:00	2016-02-08 17:15:00	\N
1792	1	1	3	2016-02-08 17:15:00	2016-02-08 17:15:00	\N
1793	1	1	1	2016-02-08 09:45:00	2016-02-08 09:45:00	\N
1794	1	1	3	2016-02-08 09:45:00	2016-02-08 09:45:00	\N
1795	1	1	1	2016-01-30 22:30:00	2016-01-30 22:30:00	\N
1796	1	1	1	2016-01-30 18:30:00	2016-01-30 18:30:00	\N
1797	1	1	3	2016-01-30 17:00:00	2016-01-30 17:00:00	\N
1798	1	1	2	2016-01-30 10:30:00	2016-01-30 10:30:00	\N
1799	1	1	1	2016-01-30 08:15:00	2016-01-30 08:15:00	\N
1800	1	1	3	2016-01-30 08:15:00	2016-01-30 08:15:00	\N
1801	1	1	2	2016-01-29 22:35:00	2016-01-29 22:35:00	\N
1802	1	1	3	2016-01-29 17:00:00	2016-01-29 17:00:00	\N
1803	1	1	1	2016-01-29 15:45:00	2016-01-29 15:45:00	\N
1804	1	1	1	2016-01-29 08:45:00	2016-01-29 08:45:00	\N
1805	1	1	2	2016-01-29 08:45:00	2016-01-29 08:45:00	\N
1806	1	1	3	2016-01-29 08:45:00	2016-01-29 08:45:00	\N
1807	1	1	1	2016-01-28 22:30:00	2016-01-28 22:30:00	\N
1808	1	1	3	2016-01-28 17:00:00	2016-01-28 17:00:00	\N
1809	1	1	1	2016-01-28 14:45:00	2016-01-28 14:45:00	\N
1810	1	1	2	2016-01-28 14:45:00	2016-01-28 14:45:00	\N
1811	1	1	1	2016-01-28 12:40:00	2016-01-28 12:40:00	\N
1812	1	1	1	2016-01-28 08:30:00	2016-01-28 08:30:00	\N
1813	1	1	2	2016-01-28 08:30:00	2016-01-28 08:30:00	\N
1814	1	1	3	2016-01-28 08:30:00	2016-01-28 08:30:00	\N
1815	1	1	1	2016-01-27 19:50:00	2016-01-27 19:50:00	\N
1816	1	1	1	2016-01-27 17:20:00	2016-01-27 17:20:00	\N
1817	1	1	3	2016-01-27 17:10:00	2016-01-27 17:10:00	\N
1818	1	1	1	2016-01-27 13:00:00	2016-01-27 13:00:00	\N
1819	1	1	2	2016-01-27 13:00:00	2016-01-27 13:00:00	\N
1820	1	1	1	2016-01-27 08:30:00	2016-01-27 08:30:00	\N
1821	1	1	2	2016-01-27 08:30:00	2016-01-27 08:30:00	\N
1822	1	1	3	2016-01-27 08:30:00	2016-01-27 08:30:00	\N
1823	1	1	1	2016-01-26 21:40:00	2016-01-26 21:40:00	\N
1824	1	1	1	2016-01-26 18:30:00	2016-01-26 18:30:00	\N
1825	1	1	3	2016-01-26 17:00:00	2016-01-26 17:00:00	\N
1826	1	1	1	2016-01-26 08:00:00	2016-01-26 08:00:00	\N
1827	1	1	3	2016-01-26 08:00:00	2016-01-26 08:00:00	\N
1828	1	1	1	2016-01-25 22:20:00	2016-01-25 22:20:00	\N
1829	1	1	1	2016-01-25 18:30:00	2016-01-25 18:30:00	\N
1830	1	1	3	2016-01-25 17:30:00	2016-01-25 17:30:00	\N
1831	1	1	1	2016-01-25 12:00:00	2016-01-25 12:00:00	\N
1832	1	1	2	2016-01-25 12:00:00	2016-01-25 12:00:00	\N
1833	1	1	1	2016-01-25 09:00:00	2016-01-25 09:00:00	\N
1834	1	1	2	2016-01-25 09:00:00	2016-01-25 09:00:00	\N
1835	1	1	3	2016-01-25 09:00:00	2016-01-25 09:00:00	\N
1836	1	1	1	2016-01-24 22:00:00	2016-01-24 22:00:00	\N
1837	1	1	1	2016-01-24 18:30:00	2016-01-24 18:30:00	\N
1838	1	1	1	2016-01-24 17:30:00	2016-01-24 17:30:00	\N
1839	1	1	2	2016-01-24 17:30:00	2016-01-24 17:30:00	\N
1840	1	1	3	2016-01-24 17:00:00	2016-01-24 17:00:00	\N
1841	1	1	1	2016-01-24 14:30:00	2016-01-24 14:30:00	\N
1842	1	1	1	2016-01-24 09:00:00	2016-01-24 09:00:00	\N
1843	1	1	2	2016-01-24 09:00:00	2016-01-24 09:00:00	\N
1844	1	1	3	2016-01-24 09:00:00	2016-01-24 09:00:00	\N
1845	1	1	1	2016-01-23 22:30:00	2016-01-23 22:30:00	\N
1846	1	1	1	2016-01-23 19:15:00	2016-01-23 19:15:00	\N
1847	1	1	3	2016-01-23 17:40:00	2016-01-23 17:40:00	\N
1848	1	1	1	2016-01-23 16:30:00	2016-01-23 16:30:00	\N
1849	1	1	1	2016-01-23 14:15:00	2016-01-23 14:15:00	\N
1850	1	1	1	2016-01-23 13:15:00	2016-01-23 13:15:00	\N
1851	1	1	1	2016-01-23 11:00:00	2016-01-23 11:00:00	\N
1852	1	1	2	2016-01-23 09:30:00	2016-01-23 09:30:00	\N
1853	1	1	1	2016-01-23 07:00:00	2016-01-23 07:00:00	\N
1854	1	1	3	2016-01-23 07:00:00	2016-01-23 07:00:00	\N
1855	1	1	1	2016-01-22 17:30:00	2016-01-22 17:30:00	\N
1856	1	1	3	2016-01-22 17:10:00	2016-01-22 17:10:00	\N
1857	1	1	1	2016-01-22 13:00:00	2016-01-22 13:00:00	\N
1858	1	1	2	2016-01-22 12:00:00	2016-01-22 12:00:00	\N
1859	1	1	1	2016-01-22 10:00:00	2016-01-22 10:00:00	\N
1860	1	1	2	2016-01-22 10:00:00	2016-01-22 10:00:00	\N
1861	1	1	1	2016-01-22 08:00:00	2016-01-22 08:00:00	\N
1862	1	1	3	2016-01-22 08:00:00	2016-01-22 08:00:00	\N
1863	1	1	1	2016-01-21 20:30:00	2016-01-21 20:30:00	\N
1864	1	1	1	2016-01-21 19:30:00	2016-01-21 19:30:00	\N
1865	1	1	3	2016-01-21 17:00:00	2016-01-21 17:00:00	\N
1866	1	1	1	2016-01-21 16:50:00	2016-01-21 16:50:00	\N
1867	1	1	1	2016-01-21 12:00:00	2016-01-21 12:00:00	\N
1868	1	1	1	2016-01-21 11:00:00	2016-01-21 11:00:00	\N
1869	1	1	2	2016-01-21 11:00:00	2016-01-21 11:00:00	\N
1870	1	1	1	2016-01-21 08:00:00	2016-01-21 08:00:00	\N
1871	1	1	3	2016-01-21 08:00:00	2016-01-21 08:00:00	\N
1872	1	1	1	2016-01-20 23:00:00	2016-01-20 23:00:00	\N
1873	1	1	2	2016-01-20 23:00:00	2016-01-20 23:00:00	\N
1874	1	1	1	2016-01-20 19:20:00	2016-01-20 19:20:00	\N
1875	1	1	3	2016-01-20 17:10:00	2016-01-20 17:10:00	\N
1876	1	1	1	2016-01-20 14:30:00	2016-01-20 14:30:00	\N
1877	1	1	2	2016-01-20 14:30:00	2016-01-20 14:30:00	\N
1878	1	1	1	2016-01-20 12:00:00	2016-01-20 12:00:00	\N
1879	1	1	2	2016-01-20 11:30:00	2016-01-20 11:30:00	\N
1880	1	1	1	2016-01-20 11:10:00	2016-01-20 11:10:00	\N
1881	1	1	1	2016-01-20 08:00:00	2016-01-20 08:00:00	\N
1882	1	1	2	2016-01-20 08:00:00	2016-01-20 08:00:00	\N
1883	1	1	3	2016-01-20 08:00:00	2016-01-20 08:00:00	\N
1884	1	1	1	2016-01-19 23:00:00	2016-01-19 23:00:00	\N
1885	1	1	1	2016-01-19 19:55:00	2016-01-19 19:55:00	\N
1886	1	1	2	2016-01-19 19:55:00	2016-01-19 19:55:00	\N
1887	1	1	3	2016-01-19 17:00:00	2016-01-19 17:00:00	\N
1888	1	1	1	2016-01-19 15:30:00	2016-01-19 15:30:00	\N
1889	1	1	1	2016-01-19 10:30:00	2016-01-19 10:30:00	\N
1890	1	1	1	2016-01-19 09:00:00	2016-01-19 09:00:00	\N
1891	1	1	2	2016-01-19 09:00:00	2016-01-19 09:00:00	\N
1892	1	1	3	2016-01-19 09:00:00	2016-01-19 09:00:00	\N
1893	1	1	1	2016-01-18 23:05:00	2016-01-18 23:05:00	\N
1894	1	1	1	2016-01-18 20:00:00	2016-01-18 20:00:00	\N
1895	1	1	2	2016-01-18 20:00:00	2016-01-18 20:00:00	\N
1896	1	1	1	2016-01-18 17:40:00	2016-01-18 17:40:00	\N
1897	1	1	3	2016-01-18 17:00:00	2016-01-18 17:00:00	\N
1898	1	1	1	2016-01-18 16:00:00	2016-01-18 16:00:00	\N
1899	1	1	1	2016-01-18 13:15:00	2016-01-18 13:15:00	\N
1900	1	1	1	2016-01-18 09:30:00	2016-01-18 09:30:00	\N
1901	1	1	2	2016-01-18 09:30:00	2016-01-18 09:30:00	\N
1902	1	1	3	2016-01-18 09:30:00	2016-01-18 09:30:00	\N
1903	1	1	1	2016-01-18 00:00:00	2016-01-18 00:00:00	\N
1904	1	1	1	2016-01-17 21:30:00	2016-01-17 21:30:00	\N
1905	1	1	2	2016-01-17 18:30:00	2016-01-17 18:30:00	\N
1906	1	1	3	2016-01-17 17:45:00	2016-01-17 17:45:00	\N
1907	1	1	1	2016-01-17 15:00:00	2016-01-17 15:00:00	\N
1908	1	1	2	2016-01-17 15:00:00	2016-01-17 15:00:00	\N
1909	1	1	1	2016-01-17 12:00:00	2016-01-17 12:00:00	\N
1910	1	1	3	2016-01-17 12:00:00	2016-01-17 12:00:00	\N
1911	1	1	1	2016-01-17 00:30:00	2016-01-17 00:30:00	\N
1912	1	1	2	2016-01-16 19:45:00	2016-01-16 19:45:00	\N
1913	1	1	1	2016-01-16 17:45:00	2016-01-16 17:45:00	\N
1914	1	1	3	2016-01-16 17:45:00	2016-01-16 17:45:00	\N
1915	1	1	1	2016-01-16 11:00:00	2016-01-16 11:00:00	\N
1916	1	1	3	2016-01-16 11:00:00	2016-01-16 11:00:00	\N
1917	1	1	2	2016-01-16 00:20:00	2016-01-16 00:20:00	\N
1918	1	1	1	2016-01-15 21:20:00	2016-01-15 21:20:00	\N
1919	1	1	3	2016-01-15 17:45:00	2016-01-15 17:45:00	\N
1920	1	1	1	2016-01-15 12:30:00	2016-01-15 12:30:00	\N
1921	1	1	2	2016-01-15 12:30:00	2016-01-15 12:30:00	\N
1922	1	1	1	2016-01-15 09:00:00	2016-01-15 09:00:00	\N
1923	1	1	3	2016-01-15 09:00:00	2016-01-15 09:00:00	\N
1924	1	1	1	2016-01-14 23:00:00	2016-01-14 23:00:00	\N
1925	1	1	2	2016-01-14 23:00:00	2016-01-14 23:00:00	\N
1926	1	1	3	2016-01-14 17:10:00	2016-01-14 17:10:00	\N
1927	1	1	1	2016-01-14 15:30:00	2016-01-14 15:30:00	\N
1928	1	1	1	2016-01-14 13:15:00	2016-01-14 13:15:00	\N
1929	1	1	1	2016-01-14 09:30:00	2016-01-14 09:30:00	\N
1930	1	1	2	2016-01-14 09:30:00	2016-01-14 09:30:00	\N
1931	1	1	3	2016-01-14 09:30:00	2016-01-14 09:30:00	\N
1932	1	1	1	2016-01-13 23:00:00	2016-01-13 23:00:00	\N
1933	1	1	3	2016-01-13 17:15:00	2016-01-13 17:15:00	\N
1934	1	1	1	2016-01-13 15:30:00	2016-01-13 15:30:00	\N
1935	1	1	1	2016-01-13 09:45:00	2016-01-13 09:45:00	\N
1936	1	1	1	2016-01-13 08:30:00	2016-01-13 08:30:00	\N
1937	1	1	2	2016-01-13 08:30:00	2016-01-13 08:30:00	\N
1938	1	1	3	2016-01-13 08:30:00	2016-01-13 08:30:00	\N
1939	1	1	1	2016-01-12 23:00:00	2016-01-12 23:00:00	\N
1940	1	1	1	2016-01-12 19:05:00	2016-01-12 19:05:00	\N
1941	1	1	3	2016-01-12 17:00:00	2016-01-12 17:00:00	\N
1942	1	1	1	2016-01-12 16:15:00	2016-01-12 16:15:00	\N
1943	1	1	1	2016-01-12 13:00:00	2016-01-12 13:00:00	\N
1944	1	1	2	2016-01-12 13:00:00	2016-01-12 13:00:00	\N
1945	1	1	1	2016-01-12 09:15:00	2016-01-12 09:15:00	\N
1946	1	1	2	2016-01-12 09:15:00	2016-01-12 09:15:00	\N
1947	1	1	3	2016-01-12 09:15:00	2016-01-12 09:15:00	\N
1948	1	1	1	2016-01-11 23:00:00	2016-01-11 23:00:00	\N
1949	1	1	1	2016-01-11 19:30:00	2016-01-11 19:30:00	\N
1950	1	1	3	2016-01-11 17:00:00	2016-01-11 17:00:00	\N
1951	1	1	1	2016-01-11 14:00:00	2016-01-11 14:00:00	\N
1952	1	1	2	2016-01-11 12:00:00	2016-01-11 12:00:00	\N
1953	1	1	1	2016-01-11 09:00:00	2016-01-11 09:00:00	\N
1954	1	1	3	2016-01-11 09:00:00	2016-01-11 09:00:00	\N
1955	1	1	1	2016-01-10 22:00:00	2016-01-10 22:00:00	\N
1956	1	1	2	2016-01-10 19:30:00	2016-01-10 19:30:00	\N
1957	1	1	1	2016-01-10 17:30:00	2016-01-10 17:30:00	\N
1958	1	1	3	2016-01-10 17:30:00	2016-01-10 17:30:00	\N
1959	1	1	1	2016-01-10 10:00:00	2016-01-10 10:00:00	\N
1960	1	1	3	2016-01-10 10:00:00	2016-01-10 10:00:00	\N
1961	1	1	1	2016-01-09 21:45:00	2016-01-09 21:45:00	\N
1962	1	1	1	2016-01-09 19:30:00	2016-01-09 19:30:00	\N
1963	1	1	3	2016-01-09 17:15:00	2016-01-09 17:15:00	\N
1964	1	1	1	2016-01-09 16:15:00	2016-01-09 16:15:00	\N
1965	1	1	2	2016-01-09 16:15:00	2016-01-09 16:15:00	\N
1966	1	1	1	2016-01-09 09:15:00	2016-01-09 09:15:00	\N
1967	1	1	2	2016-01-09 09:15:00	2016-01-09 09:15:00	\N
1968	1	1	3	2016-01-09 09:15:00	2016-01-09 09:15:00	\N
1969	1	1	1	2016-01-09 00:00:00	2016-01-09 00:00:00	\N
1970	1	1	1	2016-01-08 19:30:00	2016-01-08 19:30:00	\N
1971	1	1	1	2016-01-08 18:00:00	2016-01-08 18:00:00	\N
1972	1	1	3	2016-01-08 17:00:00	2016-01-08 17:00:00	\N
1973	1	1	1	2016-01-08 16:00:00	2016-01-08 16:00:00	\N
1974	1	1	1	2016-01-08 08:00:00	2016-01-08 08:00:00	\N
1975	1	1	2	2016-01-08 08:00:00	2016-01-08 08:00:00	\N
1976	1	1	3	2016-01-08 08:00:00	2016-01-08 08:00:00	\N
1977	1	1	1	2016-01-07 21:45:00	2016-01-07 21:45:00	\N
1978	1	1	3	2016-01-07 17:15:00	2016-01-07 17:15:00	\N
1979	1	1	1	2016-01-07 15:30:00	2016-01-07 15:30:00	\N
1980	1	1	2	2016-01-07 15:30:00	2016-01-07 15:30:00	\N
1981	1	1	1	2016-01-07 08:45:00	2016-01-07 08:45:00	\N
1982	1	1	2	2016-01-07 08:45:00	2016-01-07 08:45:00	\N
1983	1	1	3	2016-01-07 08:45:00	2016-01-07 08:45:00	\N
1984	1	1	1	2016-01-06 23:00:00	2016-01-06 23:00:00	\N
1985	1	1	1	2016-01-06 18:00:00	2016-01-06 18:00:00	\N
1986	1	1	1	2016-01-06 17:00:00	2016-01-06 17:00:00	\N
1987	1	1	1	2016-01-06 16:30:00	2016-01-06 16:30:00	\N
1988	1	1	2	2016-01-06 16:30:00	2016-01-06 16:30:00	\N
1989	1	1	1	2016-01-06 09:15:00	2016-01-06 09:15:00	\N
1990	1	1	2	2016-01-06 09:15:00	2016-01-06 09:15:00	\N
1991	1	1	3	2016-01-06 09:15:00	2016-01-06 09:15:00	\N
1992	1	1	1	2016-01-05 20:00:00	2016-01-05 20:00:00	\N
1993	1	1	1	2016-01-05 18:00:00	2016-01-05 18:00:00	\N
1994	1	1	3	2016-01-05 17:15:00	2016-01-05 17:15:00	\N
1995	1	1	1	2016-01-05 15:45:00	2016-01-05 15:45:00	\N
1996	1	1	2	2016-01-05 15:45:00	2016-01-05 15:45:00	\N
1997	1	1	1	2016-01-05 09:00:00	2016-01-05 09:00:00	\N
1998	1	1	3	2016-01-05 09:00:00	2016-01-05 09:00:00	\N
1999	1	1	2	2016-01-05 00:00:00	2016-01-05 00:00:00	\N
2000	1	1	1	2016-01-04 20:00:00	2016-01-04 20:00:00	\N
2001	1	1	3	2016-01-04 18:10:00	2016-01-04 18:10:00	\N
2002	1	1	1	2016-01-04 15:00:00	2016-01-04 15:00:00	\N
2003	1	1	2	2016-01-04 14:00:00	2016-01-04 14:00:00	\N
2004	1	1	1	2016-01-04 12:45:00	2016-01-04 12:45:00	\N
2005	1	1	1	2016-01-04 11:00:00	2016-01-04 11:00:00	\N
2006	1	1	3	2016-01-04 11:00:00	2016-01-04 11:00:00	\N
2007	1	1	1	2016-01-03 22:00:00	2016-01-03 22:00:00	\N
2008	1	1	2	2016-01-03 18:00:00	2016-01-03 18:00:00	\N
2009	1	1	3	2016-01-03 18:00:00	2016-01-03 18:00:00	\N
2010	1	1	1	2016-01-03 16:00:00	2016-01-03 16:00:00	\N
2011	1	1	1	2016-01-03 09:00:00	2016-01-03 09:00:00	\N
2012	1	1	3	2016-01-03 09:00:00	2016-01-03 09:00:00	\N
2013	1	1	1	2015-12-23 23:00:00	2015-12-23 23:00:00	\N
2014	1	1	1	2015-12-23 18:30:00	2015-12-23 18:30:00	\N
2015	1	1	3	2015-12-23 18:30:00	2015-12-23 18:30:00	\N
2016	1	1	1	2015-12-23 08:00:00	2015-12-23 08:00:00	\N
2017	1	1	2	2015-12-23 08:00:00	2015-12-23 08:00:00	\N
2018	1	1	3	2015-12-23 08:00:00	2015-12-23 08:00:00	\N
2019	1	1	1	2015-12-22 22:00:00	2015-12-22 22:00:00	\N
2020	1	1	3	2015-12-22 17:30:00	2015-12-22 17:30:00	\N
2021	1	1	1	2015-12-22 16:00:00	2015-12-22 16:00:00	\N
2022	1	1	1	2015-12-22 08:30:00	2015-12-22 08:30:00	\N
2023	1	1	2	2015-12-22 08:30:00	2015-12-22 08:30:00	\N
2024	1	1	3	2015-12-22 08:30:00	2015-12-22 08:30:00	\N
2025	1	1	1	2015-12-22 01:00:00	2015-12-22 01:00:00	\N
2026	1	1	3	2015-12-21 17:10:00	2015-12-21 17:10:00	\N
2027	1	1	1	2015-12-21 15:00:00	2015-12-21 15:00:00	\N
2028	1	1	1	2015-12-21 13:20:00	2015-12-21 13:20:00	\N
2029	1	1	2	2015-12-21 13:20:00	2015-12-21 13:20:00	\N
2030	1	1	1	2015-12-21 08:00:00	2015-12-21 08:00:00	\N
2031	1	1	3	2015-12-21 08:00:00	2015-12-21 08:00:00	\N
2032	1	1	1	2015-12-20 22:00:00	2015-12-20 22:00:00	\N
2033	1	1	3	2015-12-20 17:15:00	2015-12-20 17:15:00	\N
2034	1	1	1	2015-12-20 16:00:00	2015-12-20 16:00:00	\N
2035	1	1	1	2015-12-20 08:30:00	2015-12-20 08:30:00	\N
2036	1	1	2	2015-12-20 08:30:00	2015-12-20 08:30:00	\N
2037	1	1	3	2015-12-20 08:30:00	2015-12-20 08:30:00	\N
2038	1	1	1	2015-12-19 23:45:00	2015-12-19 23:45:00	\N
2039	1	1	2	2015-12-19 19:35:00	2015-12-19 19:35:00	\N
2040	1	1	1	2015-12-19 17:00:00	2015-12-19 17:00:00	\N
2041	1	1	3	2015-12-19 17:00:00	2015-12-19 17:00:00	\N
2042	1	1	1	2015-12-19 12:15:00	2015-12-19 12:15:00	\N
2043	1	1	1	2015-12-19 07:30:00	2015-12-19 07:30:00	\N
2044	1	1	2	2015-12-19 07:30:00	2015-12-19 07:30:00	\N
2045	1	1	3	2015-12-19 07:30:00	2015-12-19 07:30:00	\N
2046	1	1	1	2015-12-18 18:30:00	2015-12-18 18:30:00	\N
2047	1	1	2	2015-12-18 18:30:00	2015-12-18 18:30:00	\N
2048	1	1	1	2015-12-18 17:00:00	2015-12-18 17:00:00	\N
2049	1	1	3	2015-12-18 17:00:00	2015-12-18 17:00:00	\N
2050	1	1	1	2015-12-18 08:00:00	2015-12-18 08:00:00	\N
2051	1	1	2	2015-12-18 08:00:00	2015-12-18 08:00:00	\N
2052	1	1	3	2015-12-18 08:00:00	2015-12-18 08:00:00	\N
2053	1	1	1	2015-12-17 23:00:00	2015-12-17 23:00:00	\N
2054	1	1	2	2015-12-17 23:00:00	2015-12-17 23:00:00	\N
2055	1	1	3	2015-12-17 18:00:00	2015-12-17 18:00:00	\N
2056	1	1	1	2015-12-17 08:30:00	2015-12-17 08:30:00	\N
2057	1	1	3	2015-12-17 08:30:00	2015-12-17 08:30:00	\N
2058	1	1	1	2015-12-17 01:25:00	2015-12-17 01:25:00	\N
2059	1	1	2	2015-12-17 01:20:00	2015-12-17 01:20:00	\N
2060	1	1	1	2015-12-16 19:15:00	2015-12-16 19:15:00	\N
2061	1	1	3	2015-12-16 18:00:00	2015-12-16 18:00:00	\N
2062	1	1	1	2015-12-16 14:00:00	2015-12-16 14:00:00	\N
2063	1	1	2	2015-12-16 14:00:00	2015-12-16 14:00:00	\N
2064	1	1	1	2015-12-16 08:00:00	2015-12-16 08:00:00	\N
2065	1	1	2	2015-12-16 08:00:00	2015-12-16 08:00:00	\N
2066	1	1	3	2015-12-16 08:00:00	2015-12-16 08:00:00	\N
2067	1	1	1	2015-12-15 23:30:00	2015-12-15 23:30:00	\N
2068	1	1	1	2015-12-15 19:30:00	2015-12-15 19:30:00	\N
2069	1	1	3	2015-12-15 18:00:00	2015-12-15 18:00:00	\N
2070	1	1	1	2015-12-15 17:30:00	2015-12-15 17:30:00	\N
2071	1	1	2	2015-12-15 17:30:00	2015-12-15 17:30:00	\N
2072	1	1	1	2015-12-15 15:30:00	2015-12-15 15:30:00	\N
2073	1	1	1	2015-12-15 09:00:00	2015-12-15 09:00:00	\N
2074	1	1	3	2015-12-15 09:00:00	2015-12-15 09:00:00	\N
2075	1	1	1	2015-12-14 22:30:00	2015-12-14 22:30:00	\N
2076	1	1	1	2015-12-14 20:00:00	2015-12-14 20:00:00	\N
2077	1	1	3	2015-12-14 17:30:00	2015-12-14 17:30:00	\N
2078	1	1	2	2015-12-14 11:00:00	2015-12-14 11:00:00	\N
2079	1	1	1	2015-12-14 09:00:00	2015-12-14 09:00:00	\N
2080	1	1	3	2015-12-14 09:00:00	2015-12-14 09:00:00	\N
2081	1	1	1	2015-12-13 23:35:00	2015-12-13 23:35:00	\N
2082	1	1	1	2015-12-13 19:35:00	2015-12-13 19:35:00	\N
2083	1	1	3	2015-12-13 17:35:00	2015-12-13 17:35:00	\N
2084	1	1	1	2015-12-13 17:00:00	2015-12-13 17:00:00	\N
2085	1	1	2	2015-12-13 15:20:00	2015-12-13 15:20:00	\N
2086	1	1	1	2015-12-13 07:30:00	2015-12-13 07:30:00	\N
2087	1	1	3	2015-12-13 07:30:00	2015-12-13 07:30:00	\N
2088	1	1	1	2015-12-12 23:00:00	2015-12-12 23:00:00	\N
2089	1	1	1	2015-12-12 18:00:00	2015-12-12 18:00:00	\N
2090	1	1	3	2015-12-12 17:00:00	2015-12-12 17:00:00	\N
2091	1	1	1	2015-12-12 16:30:00	2015-12-12 16:30:00	\N
2092	1	1	2	2015-12-12 16:30:00	2015-12-12 16:30:00	\N
2093	1	1	1	2015-12-12 16:00:00	2015-12-12 16:00:00	\N
2094	1	1	2	2015-12-12 14:30:00	2015-12-12 14:30:00	\N
2095	1	1	1	2015-12-12 07:00:00	2015-12-12 07:00:00	\N
2096	1	1	3	2015-12-12 07:00:00	2015-12-12 07:00:00	\N
2097	1	1	1	2015-12-11 22:30:00	2015-12-11 22:30:00	\N
2098	1	1	1	2015-12-11 19:30:00	2015-12-11 19:30:00	\N
2099	1	1	3	2015-12-11 17:45:00	2015-12-11 17:45:00	\N
2100	1	1	1	2015-12-11 15:00:00	2015-12-11 15:00:00	\N
2101	1	1	1	2015-12-11 08:00:00	2015-12-11 08:00:00	\N
2102	1	1	3	2015-12-11 08:00:00	2015-12-11 08:00:00	\N
2103	1	1	1	2015-12-10 19:30:00	2015-12-10 19:30:00	\N
2104	1	1	3	2015-12-10 17:15:00	2015-12-10 17:15:00	\N
2105	1	1	1	2015-12-10 15:00:00	2015-12-10 15:00:00	\N
2106	1	1	1	2015-12-10 11:45:00	2015-12-10 11:45:00	\N
2107	1	1	2	2015-12-10 11:00:00	2015-12-10 11:00:00	\N
2108	1	1	1	2015-12-10 07:30:00	2015-12-10 07:30:00	\N
2109	1	1	2	2015-12-10 07:30:00	2015-12-10 07:30:00	\N
2110	1	1	3	2015-12-10 07:30:00	2015-12-10 07:30:00	\N
2111	1	1	1	2015-12-09 23:00:00	2015-12-09 23:00:00	\N
2112	1	1	3	2015-12-09 17:15:00	2015-12-09 17:15:00	\N
2113	1	1	1	2015-12-09 16:00:00	2015-12-09 16:00:00	\N
2114	1	1	1	2015-12-09 08:00:00	2015-12-09 08:00:00	\N
2115	1	1	2	2015-12-09 08:00:00	2015-12-09 08:00:00	\N
2116	1	1	3	2015-12-09 08:00:00	2015-12-09 08:00:00	\N
2117	1	1	1	2015-12-08 20:00:00	2015-12-08 20:00:00	\N
2118	1	1	2	2015-12-08 17:35:00	2015-12-08 17:35:00	\N
2119	1	1	3	2015-12-08 17:30:00	2015-12-08 17:30:00	\N
2120	1	1	1	2015-12-08 16:00:00	2015-12-08 16:00:00	\N
2121	1	1	1	2015-12-08 08:30:00	2015-12-08 08:30:00	\N
2122	1	1	2	2015-12-08 08:30:00	2015-12-08 08:30:00	\N
2123	1	1	3	2015-12-08 08:30:00	2015-12-08 08:30:00	\N
2124	1	1	3	2015-12-07 17:10:00	2015-12-07 17:10:00	\N
2125	1	1	1	2015-12-07 16:45:00	2015-12-07 16:45:00	\N
2126	1	1	1	2015-12-07 14:00:00	2015-12-07 14:00:00	\N
2127	1	1	2	2015-12-07 14:00:00	2015-12-07 14:00:00	\N
2128	1	1	1	2015-12-07 07:00:00	2015-12-07 07:00:00	\N
2129	1	1	2	2015-12-07 07:00:00	2015-12-07 07:00:00	\N
2130	1	1	3	2015-12-07 07:00:00	2015-12-07 07:00:00	\N
2131	1	1	1	2015-12-07 00:25:00	2015-12-07 00:25:00	\N
2132	1	1	1	2015-12-06 19:30:00	2015-12-06 19:30:00	\N
2133	1	1	3	2015-12-06 17:30:00	2015-12-06 17:30:00	\N
2134	1	1	1	2015-12-06 14:45:00	2015-12-06 14:45:00	\N
2135	1	1	2	2015-12-06 10:20:00	2015-12-06 10:20:00	\N
2136	1	1	1	2015-12-06 07:00:00	2015-12-06 07:00:00	\N
2137	1	1	3	2015-12-06 07:00:00	2015-12-06 07:00:00	\N
2138	1	1	1	2015-12-06 00:00:00	2015-12-06 00:00:00	\N
2139	1	1	1	2015-12-05 20:30:00	2015-12-05 20:30:00	\N
2140	1	1	2	2015-12-05 20:30:00	2015-12-05 20:30:00	\N
2141	1	1	3	2015-12-05 18:10:00	2015-12-05 18:10:00	\N
2142	1	1	1	2015-12-05 14:30:00	2015-12-05 14:30:00	\N
2143	1	1	2	2015-12-05 14:30:00	2015-12-05 14:30:00	\N
2144	1	1	3	2015-12-05 08:00:00	2015-12-05 08:00:00	\N
2145	1	1	1	2015-12-05 06:00:00	2015-12-05 06:00:00	\N
2146	1	1	2	2015-12-05 06:00:00	2015-12-05 06:00:00	\N
2147	1	1	1	2015-12-04 20:30:00	2015-12-04 20:30:00	\N
2148	1	1	3	2015-12-04 17:45:00	2015-12-04 17:45:00	\N
2149	1	1	1	2015-12-04 17:30:00	2015-12-04 17:30:00	\N
2150	1	1	1	2015-12-04 13:30:00	2015-12-04 13:30:00	\N
2151	1	1	2	2015-12-04 12:00:00	2015-12-04 12:00:00	\N
2152	1	1	1	2015-12-04 07:45:00	2015-12-04 07:45:00	\N
2153	1	1	3	2015-12-04 07:45:00	2015-12-04 07:45:00	\N
2154	1	1	1	2015-12-03 20:00:00	2015-12-03 20:00:00	\N
2155	1	1	2	2015-12-03 18:30:00	2015-12-03 18:30:00	\N
2156	1	1	3	2015-12-03 17:15:00	2015-12-03 17:15:00	\N
2157	1	1	2	2015-12-03 12:30:00	2015-12-03 12:30:00	\N
2158	1	1	1	2015-12-03 08:00:00	2015-12-03 08:00:00	\N
2159	1	1	2	2015-12-03 08:00:00	2015-12-03 08:00:00	\N
2160	1	1	3	2015-12-03 08:00:00	2015-12-03 08:00:00	\N
2161	1	1	1	2015-12-03 04:00:00	2015-12-03 04:00:00	\N
2162	1	1	1	2015-12-02 22:30:00	2015-12-02 22:30:00	\N
2163	1	1	3	2015-12-02 17:00:00	2015-12-02 17:00:00	\N
2164	1	1	1	2015-12-02 16:30:00	2015-12-02 16:30:00	\N
2165	1	1	1	2015-12-02 08:00:00	2015-12-02 08:00:00	\N
2166	1	1	2	2015-12-02 08:00:00	2015-12-02 08:00:00	\N
2167	1	1	3	2015-12-02 08:00:00	2015-12-02 08:00:00	\N
2168	1	1	1	2015-12-01 23:00:00	2015-12-01 23:00:00	\N
2169	1	1	3	2015-12-01 17:15:00	2015-12-01 17:15:00	\N
2170	1	1	1	2015-12-01 17:00:00	2015-12-01 17:00:00	\N
2171	1	1	2	2015-12-01 16:15:00	2015-12-01 16:15:00	\N
2172	1	1	1	2015-12-01 12:00:00	2015-12-01 12:00:00	\N
2173	1	1	1	2015-12-01 07:00:00	2015-12-01 07:00:00	\N
2174	1	1	2	2015-12-01 07:00:00	2015-12-01 07:00:00	\N
2175	1	1	3	2015-12-01 07:00:00	2015-12-01 07:00:00	\N
2176	1	1	1	2015-11-30 20:30:00	2015-11-30 20:30:00	\N
2177	1	1	3	2015-11-30 17:00:00	2015-11-30 17:00:00	\N
2178	1	1	1	2015-11-30 16:30:00	2015-11-30 16:30:00	\N
2179	1	1	2	2015-11-30 16:30:00	2015-11-30 16:30:00	\N
2180	1	1	2	2015-11-30 14:15:00	2015-11-30 14:15:00	\N
2181	1	1	1	2015-11-30 07:00:00	2015-11-30 07:00:00	\N
2182	1	1	2	2015-11-30 07:00:00	2015-11-30 07:00:00	\N
2183	1	1	3	2015-11-30 07:00:00	2015-11-30 07:00:00	\N
2184	1	1	1	2015-11-29 20:00:00	2015-11-29 20:00:00	\N
2185	1	1	3	2015-11-29 17:25:00	2015-11-29 17:25:00	\N
2186	1	1	1	2015-11-29 13:40:00	2015-11-29 13:40:00	\N
2187	1	1	1	2015-11-29 08:00:00	2015-11-29 08:00:00	\N
2188	1	1	2	2015-11-29 08:00:00	2015-11-29 08:00:00	\N
2189	1	1	3	2015-11-29 08:00:00	2015-11-29 08:00:00	\N
2190	1	1	1	2015-11-28 20:00:00	2015-11-28 20:00:00	\N
2191	1	1	3	2015-11-28 18:00:00	2015-11-28 18:00:00	\N
2192	1	1	1	2015-11-28 15:00:00	2015-11-28 15:00:00	\N
2193	1	1	2	2015-11-28 15:00:00	2015-11-28 15:00:00	\N
2194	1	1	1	2015-11-28 07:00:00	2015-11-28 07:00:00	\N
2195	1	1	3	2015-11-28 07:00:00	2015-11-28 07:00:00	\N
2196	1	1	1	2015-11-27 20:20:00	2015-11-27 20:20:00	\N
2197	1	1	1	2015-11-27 17:40:00	2015-11-27 17:40:00	\N
2198	1	1	3	2015-11-27 17:30:00	2015-11-27 17:30:00	\N
2199	1	1	1	2015-11-27 14:30:00	2015-11-27 14:30:00	\N
2200	1	1	2	2015-11-27 14:30:00	2015-11-27 14:30:00	\N
2201	1	1	1	2015-11-27 07:00:00	2015-11-27 07:00:00	\N
2202	1	1	2	2015-11-27 07:00:00	2015-11-27 07:00:00	\N
2203	1	1	3	2015-11-27 07:00:00	2015-11-27 07:00:00	\N
2204	1	1	1	2015-11-26 22:00:00	2015-11-26 22:00:00	\N
2205	1	1	3	2015-11-26 17:15:00	2015-11-26 17:15:00	\N
2206	1	1	2	2015-11-26 16:30:00	2015-11-26 16:30:00	\N
2207	1	1	1	2015-11-26 08:00:00	2015-11-26 08:00:00	\N
2208	1	1	3	2015-11-26 08:00:00	2015-11-26 08:00:00	\N
2209	1	1	1	2015-11-25 23:25:00	2015-11-25 23:25:00	\N
2210	1	1	1	2015-11-25 17:50:00	2015-11-25 17:50:00	\N
2211	1	1	3	2015-11-25 17:30:00	2015-11-25 17:30:00	\N
2212	1	1	1	2015-11-25 15:30:00	2015-11-25 15:30:00	\N
2213	1	1	2	2015-11-25 15:30:00	2015-11-25 15:30:00	\N
2214	1	1	1	2015-11-25 10:30:00	2015-11-25 10:30:00	\N
2215	1	1	1	2015-11-25 08:00:00	2015-11-25 08:00:00	\N
2216	1	1	2	2015-11-25 08:00:00	2015-11-25 08:00:00	\N
2217	1	1	3	2015-11-25 08:00:00	2015-11-25 08:00:00	\N
2218	1	1	1	2015-11-24 18:35:00	2015-11-24 18:35:00	\N
2219	1	1	3	2015-11-24 18:15:00	2015-11-24 18:15:00	\N
2220	1	1	1	2015-11-24 15:00:00	2015-11-24 15:00:00	\N
2221	1	1	2	2015-11-24 15:00:00	2015-11-24 15:00:00	\N
2222	1	1	2	2015-11-24 12:25:00	2015-11-24 12:25:00	\N
2223	1	1	1	2015-11-24 08:00:00	2015-11-24 08:00:00	\N
2224	1	1	3	2015-11-24 08:00:00	2015-11-24 08:00:00	\N
2225	1	1	1	2015-11-23 22:30:00	2015-11-23 22:30:00	\N
2226	1	1	1	2015-11-23 18:20:00	2015-11-23 18:20:00	\N
2227	1	1	1	2015-11-23 17:15:00	2015-11-23 17:15:00	\N
2228	1	1	3	2015-11-23 17:15:00	2015-11-23 17:15:00	\N
2229	1	1	1	2015-11-23 16:00:00	2015-11-23 16:00:00	\N
2230	1	1	2	2015-11-23 13:55:00	2015-11-23 13:55:00	\N
2231	1	1	2	2015-11-23 13:40:00	2015-11-23 13:40:00	\N
2232	1	1	1	2015-11-23 13:20:00	2015-11-23 13:20:00	\N
2233	1	1	1	2015-11-23 07:30:00	2015-11-23 07:30:00	\N
2234	1	1	2	2015-11-23 07:30:00	2015-11-23 07:30:00	\N
2235	1	1	3	2015-11-23 07:30:00	2015-11-23 07:30:00	\N
2236	1	1	1	2015-11-22 20:30:00	2015-11-22 20:30:00	\N
2237	1	1	2	2015-11-22 20:30:00	2015-11-22 20:30:00	\N
2238	1	1	1	2015-11-22 18:45:00	2015-11-22 18:45:00	\N
2239	1	1	3	2015-11-22 17:00:00	2015-11-22 17:00:00	\N
2240	1	1	1	2015-11-22 16:00:00	2015-11-22 16:00:00	\N
2241	1	1	1	2015-11-22 08:00:00	2015-11-22 08:00:00	\N
2242	1	1	3	2015-11-22 08:00:00	2015-11-22 08:00:00	\N
2243	1	1	1	2015-11-21 23:00:00	2015-11-21 23:00:00	\N
2244	1	1	2	2015-11-21 23:00:00	2015-11-21 23:00:00	\N
2245	1	1	1	2015-11-21 17:30:00	2015-11-21 17:30:00	\N
2246	1	1	3	2015-11-21 17:30:00	2015-11-21 17:30:00	\N
2247	1	1	1	2015-11-21 13:10:00	2015-11-21 13:10:00	\N
2248	1	1	1	2015-11-21 07:00:00	2015-11-21 07:00:00	\N
2249	1	1	2	2015-11-21 07:00:00	2015-11-21 07:00:00	\N
2250	1	1	3	2015-11-21 07:00:00	2015-11-21 07:00:00	\N
2251	1	1	1	2015-11-21 01:00:00	2015-11-21 01:00:00	\N
2252	1	1	3	2015-11-20 17:45:00	2015-11-20 17:45:00	\N
2253	1	1	1	2015-11-20 17:30:00	2015-11-20 17:30:00	\N
2254	1	1	2	2015-11-20 16:30:00	2015-11-20 16:30:00	\N
2255	1	1	1	2015-11-20 14:00:00	2015-11-20 14:00:00	\N
2256	1	1	2	2015-11-20 14:00:00	2015-11-20 14:00:00	\N
2257	1	1	1	2015-11-20 07:15:00	2015-11-20 07:15:00	\N
2258	1	1	3	2015-11-20 07:15:00	2015-11-20 07:15:00	\N
2259	1	1	1	2015-11-19 23:15:00	2015-11-19 23:15:00	\N
2260	1	1	3	2015-11-19 17:45:00	2015-11-19 17:45:00	\N
2261	1	1	1	2015-11-19 15:15:00	2015-11-19 15:15:00	\N
2262	1	1	1	2015-11-19 07:00:00	2015-11-19 07:00:00	\N
2263	1	1	2	2015-11-19 07:00:00	2015-11-19 07:00:00	\N
2264	1	1	3	2015-11-19 07:00:00	2015-11-19 07:00:00	\N
2265	1	1	1	2015-11-19 00:00:00	2015-11-19 00:00:00	\N
2266	1	1	1	2015-11-18 19:20:00	2015-11-18 19:20:00	\N
2267	1	1	2	2015-11-18 17:20:00	2015-11-18 17:20:00	\N
2268	1	1	3	2015-11-18 17:20:00	2015-11-18 17:20:00	\N
2269	1	1	1	2015-11-18 14:00:00	2015-11-18 14:00:00	\N
2270	1	1	1	2015-11-18 07:00:00	2015-11-18 07:00:00	\N
2271	1	1	2	2015-11-18 07:00:00	2015-11-18 07:00:00	\N
2272	1	1	3	2015-11-18 07:00:00	2015-11-18 07:00:00	\N
2273	1	1	1	2015-11-17 23:00:00	2015-11-17 23:00:00	\N
2274	1	1	1	2015-11-17 17:30:00	2015-11-17 17:30:00	\N
2275	1	1	3	2015-11-17 17:30:00	2015-11-17 17:30:00	\N
2276	1	1	1	2015-11-17 15:30:00	2015-11-17 15:30:00	\N
2277	1	1	2	2015-11-17 15:30:00	2015-11-17 15:30:00	\N
2278	1	1	1	2015-11-17 11:15:00	2015-11-17 11:15:00	\N
2279	1	1	1	2015-11-17 06:45:00	2015-11-17 06:45:00	\N
2280	1	1	2	2015-11-17 06:45:00	2015-11-17 06:45:00	\N
2281	1	1	3	2015-11-17 06:45:00	2015-11-17 06:45:00	\N
2282	1	1	1	2015-11-16 19:20:00	2015-11-16 19:20:00	\N
2283	1	1	3	2015-11-16 18:00:00	2015-11-16 18:00:00	\N
2284	1	1	2	2015-11-16 09:15:00	2015-11-16 09:15:00	\N
2285	1	1	1	2015-11-16 09:00:00	2015-11-16 09:00:00	\N
2286	1	1	3	2015-11-16 09:00:00	2015-11-16 09:00:00	\N
2287	1	1	1	2015-11-15 21:00:00	2015-11-15 21:00:00	\N
2288	1	1	2	2015-11-15 21:00:00	2015-11-15 21:00:00	\N
2289	1	1	1	2015-11-15 17:45:00	2015-11-15 17:45:00	\N
2290	1	1	3	2015-11-15 17:45:00	2015-11-15 17:45:00	\N
2291	1	1	2	2015-11-15 15:00:00	2015-11-15 15:00:00	\N
2292	1	1	1	2015-11-15 07:50:00	2015-11-15 07:50:00	\N
2293	1	1	2	2015-11-15 07:50:00	2015-11-15 07:50:00	\N
2294	1	1	3	2015-11-15 07:50:00	2015-11-15 07:50:00	\N
2295	1	1	1	2015-11-14 20:30:00	2015-11-14 20:30:00	\N
2296	1	1	1	2015-11-14 18:30:00	2015-11-14 18:30:00	\N
2297	1	1	3	2015-11-14 18:00:00	2015-11-14 18:00:00	\N
2298	1	1	2	2015-11-14 16:00:00	2015-11-14 16:00:00	\N
2299	1	1	1	2015-11-14 15:30:00	2015-11-14 15:30:00	\N
2300	1	1	2	2015-11-14 14:30:00	2015-11-14 14:30:00	\N
2301	1	1	1	2015-11-14 07:20:00	2015-11-14 07:20:00	\N
2302	1	1	3	2015-11-14 07:20:00	2015-11-14 07:20:00	\N
2303	1	1	2	2015-11-13 22:10:00	2015-11-13 22:10:00	\N
2304	1	1	1	2015-11-13 17:30:00	2015-11-13 17:30:00	\N
2305	1	1	3	2015-11-13 17:30:00	2015-11-13 17:30:00	\N
2306	1	1	1	2015-11-13 14:00:00	2015-11-13 14:00:00	\N
2307	1	1	1	2015-11-13 12:00:00	2015-11-13 12:00:00	\N
2308	1	1	1	2015-11-13 08:20:00	2015-11-13 08:20:00	\N
2309	1	1	2	2015-11-13 07:00:00	2015-11-13 07:00:00	\N
2310	1	1	3	2015-11-13 07:00:00	2015-11-13 07:00:00	\N
2311	1	1	1	2015-11-12 23:55:00	2015-11-12 23:55:00	\N
2312	1	1	3	2015-11-12 19:15:00	2015-11-12 19:15:00	\N
2313	1	1	1	2015-11-12 18:30:00	2015-11-12 18:30:00	\N
2314	1	1	1	2015-11-12 07:15:00	2015-11-12 07:15:00	\N
2315	1	1	2	2015-11-12 07:15:00	2015-11-12 07:15:00	\N
2316	1	1	3	2015-11-12 07:15:00	2015-11-12 07:15:00	\N
2317	1	1	1	2015-11-11 22:00:00	2015-11-11 22:00:00	\N
2318	1	1	3	2015-11-11 17:10:00	2015-11-11 17:10:00	\N
2319	1	1	2	2015-11-11 17:00:00	2015-11-11 17:00:00	\N
2320	1	1	1	2015-11-11 15:00:00	2015-11-11 15:00:00	\N
2321	1	1	1	2015-11-11 07:15:00	2015-11-11 07:15:00	\N
2322	1	1	2	2015-11-11 07:15:00	2015-11-11 07:15:00	\N
2323	1	1	3	2015-11-11 07:15:00	2015-11-11 07:15:00	\N
2324	1	1	1	2015-11-10 23:00:00	2015-11-10 23:00:00	\N
2325	1	1	1	2015-11-10 18:30:00	2015-11-10 18:30:00	\N
2326	1	1	3	2015-11-10 17:30:00	2015-11-10 17:30:00	\N
2327	1	1	1	2015-11-10 17:00:00	2015-11-10 17:00:00	\N
2328	1	1	2	2015-11-10 17:00:00	2015-11-10 17:00:00	\N
2329	1	1	1	2015-11-10 07:00:00	2015-11-10 07:00:00	\N
2330	1	1	3	2015-11-10 07:00:00	2015-11-10 07:00:00	\N
2331	1	1	1	2015-11-09 21:30:00	2015-11-09 21:30:00	\N
2332	1	1	2	2015-11-09 21:30:00	2015-11-09 21:30:00	\N
2333	1	1	3	2015-11-09 17:20:00	2015-11-09 17:20:00	\N
2334	1	1	1	2015-11-09 17:00:00	2015-11-09 17:00:00	\N
2335	1	1	2	2015-11-09 15:20:00	2015-11-09 15:20:00	\N
2336	1	1	1	2015-11-09 07:00:00	2015-11-09 07:00:00	\N
2337	1	1	2	2015-11-09 07:00:00	2015-11-09 07:00:00	\N
2338	1	1	3	2015-11-09 07:00:00	2015-11-09 07:00:00	\N
2339	1	1	1	2015-11-08 23:00:00	2015-11-08 23:00:00	\N
2340	1	1	1	2015-11-08 21:00:00	2015-11-08 21:00:00	\N
2341	1	1	3	2015-11-08 18:00:00	2015-11-08 18:00:00	\N
2342	1	1	2	2015-11-08 16:15:00	2015-11-08 16:15:00	\N
2343	1	1	1	2015-11-08 14:45:00	2015-11-08 14:45:00	\N
2344	1	1	1	2015-11-08 07:00:00	2015-11-08 07:00:00	\N
2345	1	1	2	2015-11-08 07:00:00	2015-11-08 07:00:00	\N
2346	1	1	3	2015-11-08 07:00:00	2015-11-08 07:00:00	\N
2347	1	1	1	2015-11-07 22:30:00	2015-11-07 22:30:00	\N
2348	1	1	1	2015-11-07 20:00:00	2015-11-07 20:00:00	\N
2349	1	1	2	2015-11-07 20:00:00	2015-11-07 20:00:00	\N
2350	1	1	1	2015-11-07 17:35:00	2015-11-07 17:35:00	\N
2351	1	1	3	2015-11-07 17:35:00	2015-11-07 17:35:00	\N
2352	1	1	1	2015-11-07 14:35:00	2015-11-07 14:35:00	\N
2353	1	1	1	2015-11-07 07:15:00	2015-11-07 07:15:00	\N
2354	1	1	3	2015-11-07 07:15:00	2015-11-07 07:15:00	\N
2355	1	1	1	2015-11-06 22:45:00	2015-11-06 22:45:00	\N
2356	1	1	1	2015-11-06 20:00:00	2015-11-06 20:00:00	\N
2357	1	1	1	2015-11-06 18:00:00	2015-11-06 18:00:00	\N
2358	1	1	3	2015-11-06 18:00:00	2015-11-06 18:00:00	\N
2359	1	1	1	2015-11-06 16:30:00	2015-11-06 16:30:00	\N
2360	1	1	1	2015-11-06 13:30:00	2015-11-06 13:30:00	\N
2361	1	1	2	2015-11-06 13:30:00	2015-11-06 13:30:00	\N
2362	1	1	1	2015-11-06 07:00:00	2015-11-06 07:00:00	\N
2363	1	1	3	2015-11-06 07:00:00	2015-11-06 07:00:00	\N
2364	1	1	1	2015-11-05 22:00:00	2015-11-05 22:00:00	\N
2365	1	1	3	2015-11-05 17:30:00	2015-11-05 17:30:00	\N
2366	1	1	1	2015-11-05 15:00:00	2015-11-05 15:00:00	\N
2367	1	1	2	2015-11-05 11:50:00	2015-11-05 11:50:00	\N
2368	1	1	1	2015-11-05 07:45:00	2015-11-05 07:45:00	\N
2369	1	1	3	2015-11-05 07:45:00	2015-11-05 07:45:00	\N
2370	1	1	1	2015-11-04 20:00:00	2015-11-04 20:00:00	\N
2371	1	1	2	2015-11-04 17:25:00	2015-11-04 17:25:00	\N
2372	1	1	3	2015-11-04 17:25:00	2015-11-04 17:25:00	\N
2373	1	1	1	2015-11-04 17:00:00	2015-11-04 17:00:00	\N
2374	1	1	1	2015-11-04 12:15:00	2015-11-04 12:15:00	\N
2375	1	1	1	2015-11-04 08:00:00	2015-11-04 08:00:00	\N
2376	1	1	2	2015-11-04 08:00:00	2015-11-04 08:00:00	\N
2377	1	1	3	2015-11-04 08:00:00	2015-11-04 08:00:00	\N
2378	1	1	1	2015-11-03 21:30:00	2015-11-03 21:30:00	\N
2379	1	1	2	2015-11-03 21:30:00	2015-11-03 21:30:00	\N
2380	1	1	3	2015-11-03 18:00:00	2015-11-03 18:00:00	\N
2381	1	1	1	2015-11-03 16:00:00	2015-11-03 16:00:00	\N
2382	1	1	1	2015-11-03 07:30:00	2015-11-03 07:30:00	\N
2383	1	1	2	2015-11-03 07:30:00	2015-11-03 07:30:00	\N
2384	1	1	3	2015-11-03 07:30:00	2015-11-03 07:30:00	\N
2385	1	1	2	2015-10-30 22:00:00	2015-10-30 22:00:00	\N
2386	1	1	1	2015-10-30 18:00:00	2015-10-30 18:00:00	\N
2387	1	1	3	2015-10-30 18:00:00	2015-10-30 18:00:00	\N
2388	1	1	2	2015-10-30 09:30:00	2015-10-30 09:30:00	\N
2389	1	1	1	2015-10-30 07:30:00	2015-10-30 07:30:00	\N
2390	1	1	2	2015-10-30 07:30:00	2015-10-30 07:30:00	\N
2391	1	1	3	2015-10-30 07:30:00	2015-10-30 07:30:00	\N
2392	1	1	3	2015-10-29 18:00:00	2015-10-29 18:00:00	\N
2393	1	1	1	2015-10-29 15:00:00	2015-10-29 15:00:00	\N
2394	1	1	2	2015-10-29 11:00:00	2015-10-29 11:00:00	\N
2395	1	1	2	2015-10-29 10:00:00	2015-10-29 10:00:00	\N
2396	1	1	1	2015-10-29 09:45:00	2015-10-29 09:45:00	\N
2397	1	1	2	2015-10-29 09:45:00	2015-10-29 09:45:00	\N
2398	1	1	3	2015-10-29 09:45:00	2015-10-29 09:45:00	\N
2399	1	1	3	2015-10-28 19:30:00	2015-10-28 19:30:00	\N
2400	1	1	1	2015-10-28 13:30:00	2015-10-28 13:30:00	\N
2401	1	1	1	2015-10-28 07:30:00	2015-10-28 07:30:00	\N
2402	1	1	2	2015-10-28 07:30:00	2015-10-28 07:30:00	\N
2403	1	1	3	2015-10-28 07:30:00	2015-10-28 07:30:00	\N
2404	1	1	1	2015-10-27 20:00:00	2015-10-27 20:00:00	\N
2405	1	1	1	2015-10-27 19:00:00	2015-10-27 19:00:00	\N
2406	1	1	3	2015-10-27 19:00:00	2015-10-27 19:00:00	\N
2407	1	1	1	2015-10-27 16:45:00	2015-10-27 16:45:00	\N
2408	1	1	2	2015-10-27 13:35:00	2015-10-27 13:35:00	\N
2409	1	1	1	2015-10-27 07:30:00	2015-10-27 07:30:00	\N
2410	1	1	3	2015-10-27 07:30:00	2015-10-27 07:30:00	\N
2411	1	1	1	2015-10-26 21:50:00	2015-10-26 21:50:00	\N
2412	1	1	1	2015-10-26 19:50:00	2015-10-26 19:50:00	\N
2413	1	1	3	2015-10-26 18:30:00	2015-10-26 18:30:00	\N
2414	1	1	2	2015-10-26 18:00:00	2015-10-26 18:00:00	\N
2415	1	1	1	2015-10-26 15:00:00	2015-10-26 15:00:00	\N
2416	1	1	1	2015-10-26 08:00:00	2015-10-26 08:00:00	\N
2417	1	1	2	2015-10-26 08:00:00	2015-10-26 08:00:00	\N
2418	1	1	3	2015-10-26 08:00:00	2015-10-26 08:00:00	\N
2419	1	1	1	2015-10-25 19:50:00	2015-10-25 19:50:00	\N
2420	1	1	3	2015-10-25 17:40:00	2015-10-25 17:40:00	\N
2421	1	1	1	2015-10-25 16:35:00	2015-10-25 16:35:00	\N
2422	1	1	2	2015-10-25 15:00:00	2015-10-25 15:00:00	\N
2423	1	1	1	2015-10-25 07:45:00	2015-10-25 07:45:00	\N
2424	1	1	2	2015-10-25 07:45:00	2015-10-25 07:45:00	\N
2425	1	1	3	2015-10-25 07:45:00	2015-10-25 07:45:00	\N
2426	1	1	1	2015-10-24 20:30:00	2015-10-24 20:30:00	\N
2427	1	1	1	2015-10-24 17:40:00	2015-10-24 17:40:00	\N
2428	1	1	3	2015-10-24 17:40:00	2015-10-24 17:40:00	\N
2429	1	1	2	2015-10-24 11:50:00	2015-10-24 11:50:00	\N
2430	1	1	1	2015-10-24 07:00:00	2015-10-24 07:00:00	\N
2431	1	1	3	2015-10-24 07:00:00	2015-10-24 07:00:00	\N
2432	1	1	1	2015-10-23 21:00:00	2015-10-23 21:00:00	\N
2433	1	1	2	2015-10-23 20:00:00	2015-10-23 20:00:00	\N
2434	1	1	3	2015-10-23 18:00:00	2015-10-23 18:00:00	\N
2435	1	1	1	2015-10-23 15:00:00	2015-10-23 15:00:00	\N
2436	1	1	1	2015-10-23 07:45:00	2015-10-23 07:45:00	\N
2437	1	1	3	2015-10-23 07:45:00	2015-10-23 07:45:00	\N
2438	1	1	1	2015-10-22 21:45:00	2015-10-22 21:45:00	\N
2439	1	1	1	2015-10-22 19:50:00	2015-10-22 19:50:00	\N
2440	1	1	3	2015-10-22 18:15:00	2015-10-22 18:15:00	\N
2441	1	1	1	2015-10-22 17:10:00	2015-10-22 17:10:00	\N
2442	1	1	1	2015-10-22 14:00:00	2015-10-22 14:00:00	\N
2443	1	1	2	2015-10-22 14:00:00	2015-10-22 14:00:00	\N
2444	1	1	1	2015-10-22 07:30:00	2015-10-22 07:30:00	\N
2445	1	1	3	2015-10-22 07:30:00	2015-10-22 07:30:00	\N
2446	1	1	1	2015-10-21 22:30:00	2015-10-21 22:30:00	\N
2447	1	1	1	2015-10-21 19:30:00	2015-10-21 19:30:00	\N
2448	1	1	3	2015-10-21 18:30:00	2015-10-21 18:30:00	\N
2449	1	1	1	2015-10-21 16:35:00	2015-10-21 16:35:00	\N
2450	1	1	1	2015-10-21 14:00:00	2015-10-21 14:00:00	\N
2451	1	1	1	2015-10-21 08:00:00	2015-10-21 08:00:00	\N
2452	1	1	2	2015-10-21 08:00:00	2015-10-21 08:00:00	\N
2453	1	1	3	2015-10-21 08:00:00	2015-10-21 08:00:00	\N
2454	1	1	1	2015-10-21 00:15:00	2015-10-21 00:15:00	\N
2455	1	1	1	2015-10-20 19:30:00	2015-10-20 19:30:00	\N
2456	1	1	3	2015-10-20 18:20:00	2015-10-20 18:20:00	\N
2457	1	1	2	2015-10-20 16:00:00	2015-10-20 16:00:00	\N
2458	1	1	1	2015-10-20 08:00:00	2015-10-20 08:00:00	\N
2459	1	1	2	2015-10-20 08:00:00	2015-10-20 08:00:00	\N
2460	1	1	3	2015-10-20 08:00:00	2015-10-20 08:00:00	\N
2461	1	1	1	2015-10-19 21:15:00	2015-10-19 21:15:00	\N
2462	1	1	3	2015-10-19 18:15:00	2015-10-19 18:15:00	\N
2463	1	1	1	2015-10-19 16:25:00	2015-10-19 16:25:00	\N
2464	1	1	2	2015-10-19 14:20:00	2015-10-19 14:20:00	\N
2465	1	1	1	2015-10-19 07:45:00	2015-10-19 07:45:00	\N
2466	1	1	3	2015-10-19 07:45:00	2015-10-19 07:45:00	\N
2467	1	1	1	2015-10-19 00:30:00	2015-10-19 00:30:00	\N
2468	1	1	2	2015-10-19 00:30:00	2015-10-19 00:30:00	\N
2469	1	1	1	2015-10-18 19:35:00	2015-10-18 19:35:00	\N
2470	1	1	1	2015-10-18 19:30:00	2015-10-18 19:30:00	\N
2471	1	1	2	2015-10-18 19:30:00	2015-10-18 19:30:00	\N
2472	1	1	3	2015-10-18 19:30:00	2015-10-18 19:30:00	\N
2473	1	1	3	2015-10-18 18:00:00	2015-10-18 18:00:00	\N
2474	1	1	2	2015-10-18 16:50:00	2015-10-18 16:50:00	\N
2475	1	1	1	2015-10-17 21:30:00	2015-10-17 21:30:00	\N
2476	1	1	3	2015-10-17 18:00:00	2015-10-17 18:00:00	\N
2477	1	1	1	2015-10-17 17:00:00	2015-10-17 17:00:00	\N
2478	1	1	2	2015-10-17 10:00:00	2015-10-17 10:00:00	\N
2479	1	1	1	2015-10-17 07:00:00	2015-10-17 07:00:00	\N
2480	1	1	3	2015-10-17 07:00:00	2015-10-17 07:00:00	\N
2481	1	1	1	2015-10-16 23:45:00	2015-10-16 23:45:00	\N
2482	1	1	2	2015-10-16 19:45:00	2015-10-16 19:45:00	\N
2483	1	1	3	2015-10-16 18:30:00	2015-10-16 18:30:00	\N
2484	1	1	1	2015-10-16 16:00:00	2015-10-16 16:00:00	\N
2485	1	1	1	2015-10-16 09:00:00	2015-10-16 09:00:00	\N
2486	1	1	2	2015-10-16 09:00:00	2015-10-16 09:00:00	\N
2487	1	1	3	2015-10-16 09:00:00	2015-10-16 09:00:00	\N
2488	1	1	3	2015-10-15 18:15:00	2015-10-15 18:15:00	\N
2489	1	1	1	2015-10-15 14:30:00	2015-10-15 14:30:00	\N
2490	1	1	2	2015-10-15 11:45:00	2015-10-15 11:45:00	\N
2491	1	1	2	2015-10-15 09:00:00	2015-10-15 09:00:00	\N
2492	1	1	1	2015-10-15 07:00:00	2015-10-15 07:00:00	\N
2493	1	1	3	2015-10-15 07:00:00	2015-10-15 07:00:00	\N
2494	1	1	1	2015-10-14 18:45:00	2015-10-14 18:45:00	\N
2495	1	1	3	2015-10-14 18:45:00	2015-10-14 18:45:00	\N
2496	1	1	1	2015-10-14 14:30:00	2015-10-14 14:30:00	\N
2497	1	1	2	2015-10-14 12:30:00	2015-10-14 12:30:00	\N
2498	1	1	1	2015-10-14 06:45:00	2015-10-14 06:45:00	\N
2499	1	1	3	2015-10-14 06:45:00	2015-10-14 06:45:00	\N
2500	1	1	2	2015-10-13 23:20:00	2015-10-13 23:20:00	\N
2501	1	1	3	2015-10-13 18:15:00	2015-10-13 18:15:00	\N
2502	1	1	1	2015-10-13 17:15:00	2015-10-13 17:15:00	\N
2503	1	1	2	2015-10-13 17:15:00	2015-10-13 17:15:00	\N
2504	1	1	1	2015-10-13 07:30:00	2015-10-13 07:30:00	\N
2505	1	1	3	2015-10-13 07:30:00	2015-10-13 07:30:00	\N
2506	1	1	3	2015-10-12 19:45:00	2015-10-12 19:45:00	\N
2507	1	1	1	2015-10-12 19:40:00	2015-10-12 19:40:00	\N
2508	1	1	3	2015-10-12 19:40:00	2015-10-12 19:40:00	\N
2509	1	1	1	2015-10-12 14:45:00	2015-10-12 14:45:00	\N
2510	1	1	2	2015-10-12 14:45:00	2015-10-12 14:45:00	\N
2511	1	1	1	2015-10-12 07:30:00	2015-10-12 07:30:00	\N
2512	1	1	3	2015-10-12 07:30:00	2015-10-12 07:30:00	\N
2513	1	1	1	2015-10-11 22:15:00	2015-10-11 22:15:00	\N
2514	1	1	3	2015-10-11 17:45:00	2015-10-11 17:45:00	\N
2515	1	1	1	2015-10-11 16:35:00	2015-10-11 16:35:00	\N
2516	1	1	2	2015-10-11 12:00:00	2015-10-11 12:00:00	\N
2517	1	1	1	2015-10-11 11:00:00	2015-10-11 11:00:00	\N
2518	1	1	2	2015-10-11 07:00:00	2015-10-11 07:00:00	\N
2519	1	1	3	2015-10-11 07:00:00	2015-10-11 07:00:00	\N
2520	1	1	1	2015-10-11 00:35:00	2015-10-11 00:35:00	\N
2521	1	1	2	2015-10-10 19:30:00	2015-10-10 19:30:00	\N
2522	1	1	3	2015-10-10 18:00:00	2015-10-10 18:00:00	\N
2523	1	1	1	2015-10-10 16:00:00	2015-10-10 16:00:00	\N
2524	1	1	2	2015-10-10 11:35:00	2015-10-10 11:35:00	\N
2525	1	1	1	2015-10-10 07:00:00	2015-10-10 07:00:00	\N
2526	1	1	3	2015-10-10 07:00:00	2015-10-10 07:00:00	\N
2527	1	1	1	2015-10-09 23:05:00	2015-10-09 23:05:00	\N
2528	1	1	2	2015-10-09 23:05:00	2015-10-09 23:05:00	\N
2529	1	1	1	2015-10-09 18:15:00	2015-10-09 18:15:00	\N
2530	1	1	3	2015-10-09 18:15:00	2015-10-09 18:15:00	\N
2531	1	1	1	2015-10-09 13:00:00	2015-10-09 13:00:00	\N
2532	1	1	1	2015-10-09 07:00:00	2015-10-09 07:00:00	\N
2533	1	1	2	2015-10-09 07:00:00	2015-10-09 07:00:00	\N
2534	1	1	3	2015-10-09 07:00:00	2015-10-09 07:00:00	\N
2535	1	1	1	2015-10-08 22:55:00	2015-10-08 22:55:00	\N
2536	1	1	3	2015-10-08 17:40:00	2015-10-08 17:40:00	\N
2537	1	1	1	2015-10-08 15:50:00	2015-10-08 15:50:00	\N
2538	1	1	2	2015-10-08 15:50:00	2015-10-08 15:50:00	\N
2539	1	1	2	2015-10-08 12:45:00	2015-10-08 12:45:00	\N
2540	1	1	1	2015-10-08 07:30:00	2015-10-08 07:30:00	\N
2541	1	1	3	2015-10-08 07:30:00	2015-10-08 07:30:00	\N
2542	1	1	1	2015-10-07 22:00:00	2015-10-07 22:00:00	\N
2543	1	1	3	2015-10-07 18:30:00	2015-10-07 18:30:00	\N
2544	1	1	1	2015-10-07 16:15:00	2015-10-07 16:15:00	\N
2545	1	1	2	2015-10-07 16:15:00	2015-10-07 16:15:00	\N
2546	1	1	1	2015-10-07 07:30:00	2015-10-07 07:30:00	\N
2547	1	1	2	2015-10-07 07:30:00	2015-10-07 07:30:00	\N
2548	1	1	3	2015-10-07 07:30:00	2015-10-07 07:30:00	\N
2549	1	1	1	2015-10-06 22:10:00	2015-10-06 22:10:00	\N
2550	1	1	1	2015-10-06 17:50:00	2015-10-06 17:50:00	\N
2551	1	1	3	2015-10-06 17:50:00	2015-10-06 17:50:00	\N
2552	1	1	2	2015-10-06 17:10:00	2015-10-06 17:10:00	\N
2553	1	1	1	2015-10-06 13:55:00	2015-10-06 13:55:00	\N
2554	1	1	2	2015-10-06 13:40:00	2015-10-06 13:40:00	\N
2555	1	1	1	2015-10-06 07:00:00	2015-10-06 07:00:00	\N
2556	1	1	3	2015-10-06 07:00:00	2015-10-06 07:00:00	\N
2557	1	1	1	2015-10-05 17:45:00	2015-10-05 17:45:00	\N
2558	1	1	3	2015-10-05 17:45:00	2015-10-05 17:45:00	\N
2559	1	1	1	2015-10-05 13:50:00	2015-10-05 13:50:00	\N
2560	1	1	3	2015-10-05 08:00:00	2015-10-05 08:00:00	\N
2561	1	1	1	2015-10-04 23:00:00	2015-10-04 23:00:00	\N
2562	1	1	1	2015-10-04 19:15:00	2015-10-04 19:15:00	\N
2563	1	1	2	2015-10-04 19:15:00	2015-10-04 19:15:00	\N
2564	1	1	3	2015-10-04 17:45:00	2015-10-04 17:45:00	\N
2565	1	1	1	2015-10-04 16:15:00	2015-10-04 16:15:00	\N
2566	1	1	1	2015-10-04 09:30:00	2015-10-04 09:30:00	\N
2567	1	1	2	2015-10-04 09:30:00	2015-10-04 09:30:00	\N
2568	1	1	3	2015-10-04 09:30:00	2015-10-04 09:30:00	\N
2569	1	1	1	2015-10-03 23:00:00	2015-10-03 23:00:00	\N
2570	1	1	1	2015-10-03 19:45:00	2015-10-03 19:45:00	\N
2571	1	1	3	2015-10-03 18:00:00	2015-10-03 18:00:00	\N
2572	1	1	1	2015-10-03 16:45:00	2015-10-03 16:45:00	\N
2573	1	1	2	2015-10-03 16:45:00	2015-10-03 16:45:00	\N
2574	1	1	2	2015-10-03 14:30:00	2015-10-03 14:30:00	\N
2575	1	1	1	2015-10-03 13:00:00	2015-10-03 13:00:00	\N
2576	1	1	1	2015-10-03 07:00:00	2015-10-03 07:00:00	\N
2577	1	1	2	2015-10-03 07:00:00	2015-10-03 07:00:00	\N
2578	1	1	3	2015-10-03 07:00:00	2015-10-03 07:00:00	\N
2579	1	1	1	2015-10-02 21:05:00	2015-10-02 21:05:00	\N
2580	1	1	1	2015-10-02 18:00:00	2015-10-02 18:00:00	\N
2581	1	1	2	2015-10-02 18:00:00	2015-10-02 18:00:00	\N
2582	1	1	3	2015-10-02 18:00:00	2015-10-02 18:00:00	\N
2583	1	1	1	2015-10-02 13:30:00	2015-10-02 13:30:00	\N
2584	1	1	1	2015-10-02 08:00:00	2015-10-02 08:00:00	\N
2585	1	1	2	2015-10-02 08:00:00	2015-10-02 08:00:00	\N
2586	1	1	3	2015-10-02 08:00:00	2015-10-02 08:00:00	\N
2587	1	1	1	2015-10-01 22:20:00	2015-10-01 22:20:00	\N
2588	1	1	1	2015-10-01 18:00:00	2015-10-01 18:00:00	\N
2589	1	1	3	2015-10-01 18:00:00	2015-10-01 18:00:00	\N
2590	1	1	2	2015-10-01 14:15:00	2015-10-01 14:15:00	\N
2591	1	1	1	2015-10-01 06:45:00	2015-10-01 06:45:00	\N
2592	1	1	2	2015-10-01 06:45:00	2015-10-01 06:45:00	\N
2593	1	1	3	2015-10-01 06:45:00	2015-10-01 06:45:00	\N
2594	1	1	1	2015-09-30 22:25:00	2015-09-30 22:25:00	\N
2595	1	1	2	2015-09-30 19:35:00	2015-09-30 19:35:00	\N
2596	1	1	3	2015-09-30 19:35:00	2015-09-30 19:35:00	\N
2597	1	1	1	2015-09-30 15:00:00	2015-09-30 15:00:00	\N
2598	1	1	2	2015-09-30 10:20:00	2015-09-30 10:20:00	\N
2599	1	1	1	2015-09-30 07:00:00	2015-09-30 07:00:00	\N
2600	1	1	3	2015-09-30 07:00:00	2015-09-30 07:00:00	\N
2601	1	1	1	2015-09-29 21:30:00	2015-09-29 21:30:00	\N
2602	1	1	3	2015-09-29 18:00:00	2015-09-29 18:00:00	\N
2603	1	1	1	2015-09-29 17:30:00	2015-09-29 17:30:00	\N
2604	1	1	2	2015-09-29 15:00:00	2015-09-29 15:00:00	\N
2605	1	1	1	2015-09-29 08:00:00	2015-09-29 08:00:00	\N
2606	1	1	2	2015-09-29 08:00:00	2015-09-29 08:00:00	\N
2607	1	1	3	2015-09-29 08:00:00	2015-09-29 08:00:00	\N
2608	1	1	1	2015-09-28 21:30:00	2015-09-28 21:30:00	\N
2609	1	1	3	2015-09-28 18:00:00	2015-09-28 18:00:00	\N
2610	1	1	1	2015-09-28 17:30:00	2015-09-28 17:30:00	\N
2611	1	1	1	2015-09-28 13:10:00	2015-09-28 13:10:00	\N
2612	1	1	2	2015-09-28 13:10:00	2015-09-28 13:10:00	\N
2613	1	1	1	2015-09-28 07:00:00	2015-09-28 07:00:00	\N
2614	1	1	3	2015-09-28 07:00:00	2015-09-28 07:00:00	\N
2615	1	1	1	2015-09-27 20:10:00	2015-09-27 20:10:00	\N
2616	1	1	3	2015-09-27 18:25:00	2015-09-27 18:25:00	\N
2617	1	1	1	2015-09-27 16:10:00	2015-09-27 16:10:00	\N
2618	1	1	2	2015-09-27 16:10:00	2015-09-27 16:10:00	\N
2619	1	1	1	2015-09-27 14:00:00	2015-09-27 14:00:00	\N
2620	1	1	1	2015-09-27 07:30:00	2015-09-27 07:30:00	\N
2621	1	1	2	2015-09-27 07:30:00	2015-09-27 07:30:00	\N
2622	1	1	3	2015-09-27 07:30:00	2015-09-27 07:30:00	\N
2623	1	1	3	2015-09-26 18:45:00	2015-09-26 18:45:00	\N
2624	1	1	1	2015-09-26 16:00:00	2015-09-26 16:00:00	\N
2625	1	1	2	2015-09-26 16:00:00	2015-09-26 16:00:00	\N
2626	1	1	1	2015-09-26 12:00:00	2015-09-26 12:00:00	\N
2627	1	1	2	2015-09-26 12:00:00	2015-09-26 12:00:00	\N
2628	1	1	1	2015-09-26 06:45:00	2015-09-26 06:45:00	\N
2629	1	1	3	2015-09-26 06:45:00	2015-09-26 06:45:00	\N
2630	1	1	1	2015-09-25 21:45:00	2015-09-25 21:45:00	\N
2631	1	1	3	2015-09-25 18:00:00	2015-09-25 18:00:00	\N
2632	1	1	1	2015-09-25 16:20:00	2015-09-25 16:20:00	\N
2633	1	1	2	2015-09-25 16:10:00	2015-09-25 16:10:00	\N
2634	1	1	1	2015-09-25 09:00:00	2015-09-25 09:00:00	\N
2635	1	1	2	2015-09-25 09:00:00	2015-09-25 09:00:00	\N
2636	1	1	1	2015-09-25 07:00:00	2015-09-25 07:00:00	\N
2637	1	1	3	2015-09-25 07:00:00	2015-09-25 07:00:00	\N
2638	1	1	1	2015-09-24 22:00:00	2015-09-24 22:00:00	\N
2639	1	1	3	2015-09-24 18:30:00	2015-09-24 18:30:00	\N
2640	1	1	1	2015-09-24 16:45:00	2015-09-24 16:45:00	\N
2641	1	1	2	2015-09-24 16:45:00	2015-09-24 16:45:00	\N
2642	1	1	2	2015-09-24 14:45:00	2015-09-24 14:45:00	\N
2643	1	1	1	2015-09-24 09:00:00	2015-09-24 09:00:00	\N
2644	1	1	3	2015-09-24 09:00:00	2015-09-24 09:00:00	\N
2645	1	1	1	2015-09-23 20:30:00	2015-09-23 20:30:00	\N
2646	1	1	3	2015-09-23 17:45:00	2015-09-23 17:45:00	\N
2647	1	1	1	2015-09-23 15:30:00	2015-09-23 15:30:00	\N
2648	1	1	2	2015-09-23 15:00:00	2015-09-23 15:00:00	\N
2649	1	1	2	2015-09-23 11:55:00	2015-09-23 11:55:00	\N
2650	1	1	1	2015-09-23 09:10:00	2015-09-23 09:10:00	\N
2651	1	1	3	2015-09-23 09:10:00	2015-09-23 09:10:00	\N
2652	1	1	1	2015-09-22 22:00:00	2015-09-22 22:00:00	\N
2653	1	1	3	2015-09-22 18:30:00	2015-09-22 18:30:00	\N
2654	1	1	1	2015-09-22 15:15:00	2015-09-22 15:15:00	\N
2655	1	1	2	2015-09-22 14:20:00	2015-09-22 14:20:00	\N
2656	1	1	1	2015-09-22 07:00:00	2015-09-22 07:00:00	\N
2657	1	1	3	2015-09-22 07:00:00	2015-09-22 07:00:00	\N
2658	1	1	1	2015-09-21 21:15:00	2015-09-21 21:15:00	\N
2659	1	1	3	2015-09-21 18:30:00	2015-09-21 18:30:00	\N
2660	1	1	2	2015-09-21 16:15:00	2015-09-21 16:15:00	\N
2661	1	1	1	2015-09-21 16:00:00	2015-09-21 16:00:00	\N
2662	1	1	1	2015-09-21 08:00:00	2015-09-21 08:00:00	\N
2663	1	1	3	2015-09-21 08:00:00	2015-09-21 08:00:00	\N
2664	1	1	3	2015-09-20 17:50:00	2015-09-20 17:50:00	\N
2665	1	1	1	2015-09-20 17:00:00	2015-09-20 17:00:00	\N
2666	1	1	1	2015-09-20 10:00:00	2015-09-20 10:00:00	\N
2667	1	1	2	2015-09-20 10:00:00	2015-09-20 10:00:00	\N
2668	1	1	3	2015-09-20 07:30:00	2015-09-20 07:30:00	\N
2669	1	1	1	2015-09-19 23:20:00	2015-09-19 23:20:00	\N
2670	1	1	3	2015-09-19 18:30:00	2015-09-19 18:30:00	\N
2671	1	1	2	2015-09-19 15:30:00	2015-09-19 15:30:00	\N
2672	1	1	1	2015-09-19 07:00:00	2015-09-19 07:00:00	\N
2673	1	1	2	2015-09-19 07:00:00	2015-09-19 07:00:00	\N
2674	1	1	3	2015-09-19 07:00:00	2015-09-19 07:00:00	\N
2675	1	1	1	2015-09-18 18:35:00	2015-09-18 18:35:00	\N
2676	1	1	2	2015-09-18 18:35:00	2015-09-18 18:35:00	\N
2677	1	1	3	2015-09-18 18:20:00	2015-09-18 18:20:00	\N
2678	1	1	1	2015-09-18 14:10:00	2015-09-18 14:10:00	\N
2679	1	1	1	2015-09-18 09:40:00	2015-09-18 09:40:00	\N
2680	1	1	3	2015-09-18 07:00:00	2015-09-18 07:00:00	\N
2681	1	1	1	2015-09-17 23:50:00	2015-09-17 23:50:00	\N
2682	1	1	3	2015-09-17 17:30:00	2015-09-17 17:30:00	\N
2683	1	1	1	2015-09-17 14:24:00	2015-09-17 14:24:00	\N
2684	1	1	1	2015-09-17 11:45:00	2015-09-17 11:45:00	\N
2685	1	1	2	2015-09-17 09:20:00	2015-09-17 09:20:00	\N
2686	1	1	3	2015-09-17 09:20:00	2015-09-17 09:20:00	\N
2687	1	1	1	2015-09-16 21:45:00	2015-09-16 21:45:00	\N
2688	1	1	3	2015-09-16 18:00:00	2015-09-16 18:00:00	\N
2689	1	1	2	2015-09-16 13:55:00	2015-09-16 13:55:00	\N
2690	1	1	1	2015-09-16 09:30:00	2015-09-16 09:30:00	\N
2691	1	1	3	2015-09-16 09:30:00	2015-09-16 09:30:00	\N
2692	1	1	1	2015-09-15 22:30:00	2015-09-15 22:30:00	\N
2693	1	1	3	2015-09-15 19:00:00	2015-09-15 19:00:00	\N
2694	1	1	2	2015-09-15 18:00:00	2015-09-15 18:00:00	\N
2695	1	1	1	2015-09-15 15:30:00	2015-09-15 15:30:00	\N
2696	1	1	2	2015-09-15 15:30:00	2015-09-15 15:30:00	\N
2697	1	1	1	2015-09-15 07:00:00	2015-09-15 07:00:00	\N
2698	1	1	3	2015-09-15 07:00:00	2015-09-15 07:00:00	\N
2699	1	1	1	2015-09-14 22:00:00	2015-09-14 22:00:00	\N
2700	1	1	1	2015-09-14 18:30:00	2015-09-14 18:30:00	\N
2701	1	1	3	2015-09-14 18:15:00	2015-09-14 18:15:00	\N
2702	1	1	2	2015-09-14 16:30:00	2015-09-14 16:30:00	\N
2703	1	1	2	2015-09-14 14:50:00	2015-09-14 14:50:00	\N
2704	1	1	1	2015-09-14 11:00:00	2015-09-14 11:00:00	\N
2705	1	1	1	2015-09-14 07:15:00	2015-09-14 07:15:00	\N
2706	1	1	2	2015-09-14 07:15:00	2015-09-14 07:15:00	\N
2707	1	1	3	2015-09-14 07:15:00	2015-09-14 07:15:00	\N
2708	1	1	1	2015-09-13 22:00:00	2015-09-13 22:00:00	\N
2709	1	1	3	2015-09-13 18:30:00	2015-09-13 18:30:00	\N
2710	1	1	1	2015-09-13 15:30:00	2015-09-13 15:30:00	\N
2711	1	1	1	2015-09-13 08:50:00	2015-09-13 08:50:00	\N
2712	1	1	3	2015-09-13 08:50:00	2015-09-13 08:50:00	\N
2713	1	1	1	2015-09-13 00:45:00	2015-09-13 00:45:00	\N
2714	1	1	3	2015-09-12 18:00:00	2015-09-12 18:00:00	\N
2715	1	1	1	2015-09-12 17:00:00	2015-09-12 17:00:00	\N
2716	1	1	1	2015-09-12 07:30:00	2015-09-12 07:30:00	\N
2717	1	1	3	2015-09-12 07:30:00	2015-09-12 07:30:00	\N
2718	1	1	2	2015-09-12 00:30:00	2015-09-12 00:30:00	\N
2719	1	1	3	2015-09-11 18:05:00	2015-09-11 18:05:00	\N
2720	1	1	1	2015-09-11 17:40:00	2015-09-11 17:40:00	\N
2721	1	1	2	2015-09-11 11:30:00	2015-09-11 11:30:00	\N
2722	1	1	1	2015-09-11 07:00:00	2015-09-11 07:00:00	\N
2723	1	1	3	2015-09-11 07:00:00	2015-09-11 07:00:00	\N
2724	1	1	3	2015-09-10 18:30:00	2015-09-10 18:30:00	\N
2725	1	1	2	2015-09-10 17:10:00	2015-09-10 17:10:00	\N
2726	1	1	1	2015-09-10 15:35:00	2015-09-10 15:35:00	\N
2727	1	1	1	2015-09-10 10:30:00	2015-09-10 10:30:00	\N
2728	1	1	2	2015-09-10 08:10:00	2015-09-10 08:10:00	\N
2729	1	1	3	2015-09-10 08:10:00	2015-09-10 08:10:00	\N
2730	1	1	1	2015-09-09 22:00:00	2015-09-09 22:00:00	\N
2731	1	1	2	2015-09-09 20:30:00	2015-09-09 20:30:00	\N
2732	1	1	3	2015-09-09 18:00:00	2015-09-09 18:00:00	\N
2733	1	1	1	2015-09-09 14:15:00	2015-09-09 14:15:00	\N
2734	1	1	1	2015-09-09 08:20:00	2015-09-09 08:20:00	\N
2735	1	1	2	2015-09-09 08:20:00	2015-09-09 08:20:00	\N
2736	1	1	3	2015-09-09 08:20:00	2015-09-09 08:20:00	\N
2737	1	1	1	2015-09-08 23:00:00	2015-09-08 23:00:00	\N
2738	1	1	3	2015-09-08 18:45:00	2015-09-08 18:45:00	\N
2739	1	1	1	2015-09-08 16:50:00	2015-09-08 16:50:00	\N
2740	1	1	2	2015-09-08 14:00:00	2015-09-08 14:00:00	\N
2741	1	1	2	2015-09-08 12:25:00	2015-09-08 12:25:00	\N
2742	1	1	1	2015-09-08 08:00:00	2015-09-08 08:00:00	\N
2743	1	1	2	2015-09-08 08:00:00	2015-09-08 08:00:00	\N
2744	1	1	3	2015-09-08 08:00:00	2015-09-08 08:00:00	\N
2745	1	1	1	2015-09-07 22:30:00	2015-09-07 22:30:00	\N
2746	1	1	1	2015-09-07 19:55:00	2015-09-07 19:55:00	\N
2747	1	1	3	2015-09-07 18:30:00	2015-09-07 18:30:00	\N
2748	1	1	1	2015-09-07 15:30:00	2015-09-07 15:30:00	\N
2749	1	1	2	2015-09-07 15:30:00	2015-09-07 15:30:00	\N
2750	1	1	1	2015-09-07 08:30:00	2015-09-07 08:30:00	\N
2751	1	1	2	2015-09-07 08:30:00	2015-09-07 08:30:00	\N
2752	1	1	3	2015-09-07 08:30:00	2015-09-07 08:30:00	\N
2753	1	1	1	2015-09-06 23:20:00	2015-09-06 23:20:00	\N
2754	1	1	2	2015-09-06 18:20:00	2015-09-06 18:20:00	\N
2755	1	1	3	2015-09-06 18:20:00	2015-09-06 18:20:00	\N
2756	1	1	1	2015-09-06 13:35:00	2015-09-06 13:35:00	\N
2757	1	1	2	2015-09-06 11:20:00	2015-09-06 11:20:00	\N
2758	1	1	1	2015-09-06 07:50:00	2015-09-06 07:50:00	\N
2759	1	1	3	2015-09-06 07:50:00	2015-09-06 07:50:00	\N
2760	1	1	2	2015-09-05 22:30:00	2015-09-05 22:30:00	\N
2761	1	1	1	2015-09-05 20:30:00	2015-09-05 20:30:00	\N
2762	1	1	3	2015-09-05 19:15:00	2015-09-05 19:15:00	\N
2763	1	1	2	2015-09-05 10:15:00	2015-09-05 10:15:00	\N
2764	1	1	1	2015-09-05 07:15:00	2015-09-05 07:15:00	\N
2765	1	1	3	2015-09-05 07:15:00	2015-09-05 07:15:00	\N
2766	1	1	1	2015-09-04 22:30:00	2015-09-04 22:30:00	\N
2767	1	1	3	2015-09-04 19:15:00	2015-09-04 19:15:00	\N
2768	1	1	1	2015-09-04 17:45:00	2015-09-04 17:45:00	\N
2769	1	1	1	2015-09-04 16:00:00	2015-09-04 16:00:00	\N
2770	1	1	2	2015-09-04 16:00:00	2015-09-04 16:00:00	\N
2771	1	1	1	2015-09-04 08:15:00	2015-09-04 08:15:00	\N
2772	1	1	2	2015-09-04 08:15:00	2015-09-04 08:15:00	\N
2773	1	1	3	2015-09-04 08:15:00	2015-09-04 08:15:00	\N
2774	1	1	3	2015-09-03 18:00:00	2015-09-03 18:00:00	\N
2775	1	1	1	2015-09-03 11:20:00	2015-09-03 11:20:00	\N
2776	1	1	2	2015-09-03 11:20:00	2015-09-03 11:20:00	\N
2777	1	1	1	2015-09-03 09:00:00	2015-09-03 09:00:00	\N
2778	1	1	1	2015-09-03 07:15:00	2015-09-03 07:15:00	\N
2779	1	1	3	2015-09-03 07:15:00	2015-09-03 07:15:00	\N
2780	1	1	1	2015-09-03 00:00:00	2015-09-03 00:00:00	\N
2781	1	1	2	2015-09-03 00:00:00	2015-09-03 00:00:00	\N
2782	1	1	3	2015-09-02 18:30:00	2015-09-02 18:30:00	\N
2783	1	1	1	2015-09-02 09:15:00	2015-09-02 09:15:00	\N
2784	1	1	2	2015-09-02 07:00:00	2015-09-02 07:00:00	\N
2785	1	1	3	2015-09-02 07:00:00	2015-09-02 07:00:00	\N
2786	1	1	1	2015-09-01 23:10:00	2015-09-01 23:10:00	\N
2787	1	1	1	2015-09-01 20:05:00	2015-09-01 20:05:00	\N
2788	1	1	3	2015-09-01 18:30:00	2015-09-01 18:30:00	\N
2789	1	1	2	2015-09-01 11:45:00	2015-09-01 11:45:00	\N
2790	1	1	1	2015-09-01 10:20:00	2015-09-01 10:20:00	\N
2791	1	1	3	2015-09-01 08:30:00	2015-09-01 08:30:00	\N
2792	1	1	1	2015-08-31 19:00:00	2015-08-31 19:00:00	\N
2793	1	1	1	2015-08-31 13:15:00	2015-08-31 13:15:00	\N
2794	1	1	2	2015-08-31 13:15:00	2015-08-31 13:15:00	\N
2795	1	1	3	2015-08-31 13:15:00	2015-08-31 13:15:00	\N
2796	1	1	1	2015-08-31 06:45:00	2015-08-31 06:45:00	\N
2797	1	1	1	2015-08-30 22:00:00	2015-08-30 22:00:00	\N
2798	1	1	2	2015-08-30 22:00:00	2015-08-30 22:00:00	\N
2799	1	1	1	2015-08-30 18:10:00	2015-08-30 18:10:00	\N
2800	1	1	3	2015-08-30 18:10:00	2015-08-30 18:10:00	\N
2801	1	1	1	2015-08-30 14:30:00	2015-08-30 14:30:00	\N
2802	1	1	1	2015-08-30 09:20:00	2015-08-30 09:20:00	\N
2803	1	1	2	2015-08-30 09:20:00	2015-08-30 09:20:00	\N
2804	1	1	3	2015-08-30 09:20:00	2015-08-30 09:20:00	\N
2805	1	1	1	2015-08-29 20:10:00	2015-08-29 20:10:00	\N
2806	1	1	3	2015-08-29 19:00:00	2015-08-29 19:00:00	\N
2807	1	1	1	2015-08-29 17:20:00	2015-08-29 17:20:00	\N
2808	1	1	1	2015-08-29 14:45:00	2015-08-29 14:45:00	\N
2809	1	1	1	2015-08-29 08:40:00	2015-08-29 08:40:00	\N
2810	1	1	2	2015-08-29 08:40:00	2015-08-29 08:40:00	\N
2811	1	1	3	2015-08-29 08:40:00	2015-08-29 08:40:00	\N
2812	1	1	1	2015-08-28 22:35:00	2015-08-28 22:35:00	\N
2813	1	1	1	2015-08-28 21:05:00	2015-08-28 21:05:00	\N
2814	1	1	3	2015-08-28 18:10:00	2015-08-28 18:10:00	\N
2815	1	1	2	2015-08-28 16:40:00	2015-08-28 16:40:00	\N
2816	1	1	1	2015-08-28 14:40:00	2015-08-28 14:40:00	\N
2817	1	1	1	2015-08-28 08:00:00	2015-08-28 08:00:00	\N
2818	1	1	2	2015-08-28 08:00:00	2015-08-28 08:00:00	\N
2819	1	1	3	2015-08-28 08:00:00	2015-08-28 08:00:00	\N
2820	1	1	1	2015-08-27 22:35:00	2015-08-27 22:35:00	\N
2821	1	1	3	2015-08-27 18:45:00	2015-08-27 18:45:00	\N
2822	1	1	1	2015-08-27 18:15:00	2015-08-27 18:15:00	\N
2823	1	1	2	2015-08-27 18:15:00	2015-08-27 18:15:00	\N
2824	1	1	1	2015-08-27 13:40:00	2015-08-27 13:40:00	\N
2825	1	1	1	2015-08-27 08:10:00	2015-08-27 08:10:00	\N
2826	1	1	2	2015-08-27 08:10:00	2015-08-27 08:10:00	\N
2827	1	1	3	2015-08-27 08:10:00	2015-08-27 08:10:00	\N
2828	1	1	1	2015-08-27 04:30:00	2015-08-27 04:30:00	\N
2829	1	1	1	2015-08-26 20:35:00	2015-08-26 20:35:00	\N
2830	1	1	1	2015-08-26 18:30:00	2015-08-26 18:30:00	\N
2831	1	1	3	2015-08-26 18:30:00	2015-08-26 18:30:00	\N
2832	1	1	2	2015-08-26 15:30:00	2015-08-26 15:30:00	\N
2833	1	1	1	2015-08-26 14:05:00	2015-08-26 14:05:00	\N
2834	1	1	2	2015-08-26 12:40:00	2015-08-26 12:40:00	\N
2835	1	1	1	2015-08-26 08:15:00	2015-08-26 08:15:00	\N
2836	1	1	3	2015-08-26 08:15:00	2015-08-26 08:15:00	\N
2837	1	1	1	2015-08-25 20:15:00	2015-08-25 20:15:00	\N
2838	1	1	1	2015-08-25 18:15:00	2015-08-25 18:15:00	\N
2839	1	1	3	2015-08-25 18:15:00	2015-08-25 18:15:00	\N
2840	1	1	2	2015-08-25 13:35:00	2015-08-25 13:35:00	\N
2841	1	1	1	2015-08-25 09:20:00	2015-08-25 09:20:00	\N
2842	1	1	3	2015-08-25 09:20:00	2015-08-25 09:20:00	\N
2843	1	1	1	2015-08-24 23:00:00	2015-08-24 23:00:00	\N
2844	1	1	1	2015-08-24 20:30:00	2015-08-24 20:30:00	\N
2845	1	1	3	2015-08-24 18:30:00	2015-08-24 18:30:00	\N
2846	1	1	1	2015-08-24 17:00:00	2015-08-24 17:00:00	\N
2847	1	1	2	2015-08-24 17:00:00	2015-08-24 17:00:00	\N
2848	1	1	1	2015-08-24 14:00:00	2015-08-24 14:00:00	\N
2849	1	1	2	2015-08-24 07:55:00	2015-08-24 07:55:00	\N
2850	1	1	3	2015-08-24 07:55:00	2015-08-24 07:55:00	\N
2851	1	1	1	2015-08-24 03:40:00	2015-08-24 03:40:00	\N
2852	1	1	1	2015-08-23 20:35:00	2015-08-23 20:35:00	\N
2853	1	1	2	2015-08-23 20:35:00	2015-08-23 20:35:00	\N
2854	1	1	1	2015-08-23 19:05:00	2015-08-23 19:05:00	\N
2855	1	1	3	2015-08-23 18:00:00	2015-08-23 18:00:00	\N
2856	1	1	1	2015-08-23 14:50:00	2015-08-23 14:50:00	\N
2857	1	1	2	2015-08-23 14:50:00	2015-08-23 14:50:00	\N
2858	1	1	1	2015-08-23 08:10:00	2015-08-23 08:10:00	\N
2859	1	1	2	2015-08-23 08:10:00	2015-08-23 08:10:00	\N
2860	1	1	3	2015-08-23 08:10:00	2015-08-23 08:10:00	\N
2861	1	1	3	2015-08-22 18:15:00	2015-08-22 18:15:00	\N
2862	1	1	1	2015-08-22 18:05:00	2015-08-22 18:05:00	\N
2863	1	1	1	2015-08-22 08:35:00	2015-08-22 08:35:00	\N
2864	1	1	3	2015-08-22 08:35:00	2015-08-22 08:35:00	\N
2865	1	1	1	2015-08-21 23:30:00	2015-08-21 23:30:00	\N
2866	1	1	1	2015-08-21 21:30:00	2015-08-21 21:30:00	\N
2867	1	1	3	2015-08-21 19:00:00	2015-08-21 19:00:00	\N
2868	1	1	1	2015-08-21 17:00:00	2015-08-21 17:00:00	\N
2869	1	1	2	2015-08-21 17:00:00	2015-08-21 17:00:00	\N
2870	1	1	2	2015-08-21 13:20:00	2015-08-21 13:20:00	\N
2871	1	1	1	2015-08-21 09:15:00	2015-08-21 09:15:00	\N
2872	1	1	3	2015-08-21 09:15:00	2015-08-21 09:15:00	\N
2873	1	1	1	2015-08-20 23:35:00	2015-08-20 23:35:00	\N
2874	1	1	2	2015-08-20 23:35:00	2015-08-20 23:35:00	\N
2875	1	1	1	2015-08-20 22:00:00	2015-08-20 22:00:00	\N
2876	1	1	3	2015-08-20 22:00:00	2015-08-20 22:00:00	\N
2877	1	1	1	2015-08-20 17:30:00	2015-08-20 17:30:00	\N
2878	1	1	2	2015-08-20 16:50:00	2015-08-20 16:50:00	\N
2879	1	1	1	2015-08-20 08:00:00	2015-08-20 08:00:00	\N
2880	1	1	2	2015-08-20 08:00:00	2015-08-20 08:00:00	\N
2881	1	1	3	2015-08-20 08:00:00	2015-08-20 08:00:00	\N
2882	1	1	1	2015-08-19 22:30:00	2015-08-19 22:30:00	\N
2883	1	1	1	2015-08-19 18:05:00	2015-08-19 18:05:00	\N
2884	1	1	3	2015-08-19 18:05:00	2015-08-19 18:05:00	\N
2885	1	1	1	2015-08-19 12:30:00	2015-08-19 12:30:00	\N
2886	1	1	2	2015-08-19 12:30:00	2015-08-19 12:30:00	\N
2887	1	1	1	2015-08-19 08:20:00	2015-08-19 08:20:00	\N
2888	1	1	3	2015-08-19 08:20:00	2015-08-19 08:20:00	\N
2889	1	1	1	2015-08-18 22:00:00	2015-08-18 22:00:00	\N
2890	1	1	1	2015-08-18 19:15:00	2015-08-18 19:15:00	\N
2891	1	1	3	2015-08-18 19:15:00	2015-08-18 19:15:00	\N
2892	1	1	1	2015-08-18 14:20:00	2015-08-18 14:20:00	\N
2893	1	1	2	2015-08-18 14:20:00	2015-08-18 14:20:00	\N
2894	1	1	1	2015-08-18 08:30:00	2015-08-18 08:30:00	\N
2895	1	1	2	2015-08-18 08:30:00	2015-08-18 08:30:00	\N
2896	1	1	3	2015-08-18 08:30:00	2015-08-18 08:30:00	\N
2897	1	1	1	2015-08-17 22:00:00	2015-08-17 22:00:00	\N
2898	1	1	2	2015-08-17 22:00:00	2015-08-17 22:00:00	\N
2899	1	1	3	2015-08-17 22:00:00	2015-08-17 22:00:00	\N
2900	1	1	1	2015-08-17 13:45:00	2015-08-17 13:45:00	\N
2901	1	1	2	2015-08-17 13:45:00	2015-08-17 13:45:00	\N
2902	1	1	1	2015-08-17 08:30:00	2015-08-17 08:30:00	\N
2903	1	1	2	2015-08-17 08:30:00	2015-08-17 08:30:00	\N
2904	1	1	3	2015-08-17 08:30:00	2015-08-17 08:30:00	\N
2905	1	1	1	2015-08-16 22:30:00	2015-08-16 22:30:00	\N
2906	1	1	2	2015-08-16 20:30:00	2015-08-16 20:30:00	\N
2907	1	1	3	2015-08-16 18:30:00	2015-08-16 18:30:00	\N
2908	1	1	1	2015-08-16 17:15:00	2015-08-16 17:15:00	\N
2909	1	1	1	2015-08-16 07:45:00	2015-08-16 07:45:00	\N
2910	1	1	2	2015-08-16 07:45:00	2015-08-16 07:45:00	\N
2911	1	1	3	2015-08-16 07:45:00	2015-08-16 07:45:00	\N
2912	1	1	1	2015-08-15 22:45:00	2015-08-15 22:45:00	\N
2913	1	1	1	2015-08-15 19:00:00	2015-08-15 19:00:00	\N
2914	1	1	3	2015-08-15 19:00:00	2015-08-15 19:00:00	\N
2915	1	1	2	2015-08-15 14:45:00	2015-08-15 14:45:00	\N
2916	1	1	1	2015-08-15 12:15:00	2015-08-15 12:15:00	\N
2917	1	1	2	2015-08-15 09:00:00	2015-08-15 09:00:00	\N
2918	1	1	1	2015-08-15 07:15:00	2015-08-15 07:15:00	\N
2919	1	1	3	2015-08-15 07:15:00	2015-08-15 07:15:00	\N
2920	1	1	1	2015-08-14 18:30:00	2015-08-14 18:30:00	\N
2921	1	1	3	2015-08-14 18:30:00	2015-08-14 18:30:00	\N
2922	1	1	1	2015-08-14 12:00:00	2015-08-14 12:00:00	\N
2923	1	1	2	2015-08-14 11:00:00	2015-08-14 11:00:00	\N
2924	1	1	1	2015-08-14 08:00:00	2015-08-14 08:00:00	\N
2925	1	1	3	2015-08-14 08:00:00	2015-08-14 08:00:00	\N
2926	1	1	1	2015-08-13 22:55:00	2015-08-13 22:55:00	\N
2927	1	1	1	2015-08-13 22:00:00	2015-08-13 22:00:00	\N
2928	1	1	2	2015-08-13 21:00:00	2015-08-13 21:00:00	\N
2929	1	1	1	2015-08-13 19:15:00	2015-08-13 19:15:00	\N
2930	1	1	3	2015-08-13 19:15:00	2015-08-13 19:15:00	\N
2931	1	1	1	2015-08-13 11:05:00	2015-08-13 11:05:00	\N
2932	1	1	3	2015-08-13 11:05:00	2015-08-13 11:05:00	\N
2933	1	1	2	2015-08-13 10:05:00	2015-08-13 10:05:00	\N
2934	1	1	1	2015-08-13 09:00:00	2015-08-13 09:00:00	\N
2935	1	1	1	2015-08-12 22:40:00	2015-08-12 22:40:00	\N
2936	1	1	1	2015-08-12 19:25:00	2015-08-12 19:25:00	\N
2937	1	1	3	2015-08-12 18:30:00	2015-08-12 18:30:00	\N
2938	1	1	1	2015-08-12 10:00:00	2015-08-12 10:00:00	\N
2939	1	1	2	2015-08-12 10:00:00	2015-08-12 10:00:00	\N
2940	1	1	3	2015-08-12 10:00:00	2015-08-12 10:00:00	\N
2941	1	1	1	2015-08-11 22:30:00	2015-08-11 22:30:00	\N
2942	1	1	2	2015-08-11 20:50:00	2015-08-11 20:50:00	\N
2943	1	1	1	2015-08-11 17:35:00	2015-08-11 17:35:00	\N
2944	1	1	3	2015-08-11 17:35:00	2015-08-11 17:35:00	\N
2945	1	1	2	2015-08-11 11:00:00	2015-08-11 11:00:00	\N
2946	1	1	3	2015-08-11 08:45:00	2015-08-11 08:45:00	\N
2947	1	1	3	2016-12-27 17:37:02.287108	2016-12-27 17:37:02.287115	\N
2948	1	1	1	2016-12-27 17:45:09.994204	2016-12-27 17:45:09.994212	\N
2949	1	1	1	2016-12-28 00:32:36.10268	2016-12-28 00:32:36.102698	\N
2950	1	1	1	2016-12-28 08:46:52.458491	2016-12-28 08:46:52.458496	\N
2951	1	1	3	2016-12-28 08:46:56.893635	2016-12-28 08:46:56.893641	\N
2952	1	1	2	2016-12-28 10:48:32.2363	2016-12-28 10:48:32.236307	\N
\.


--
-- Name: entries_entry_id_seq; Type: SEQUENCE SET; Schema: public; Owner: jacqui
--

SELECT pg_catalog.setval('entries_entry_id_seq', 2952, true);


--
-- Data for Name: pets; Type: TABLE DATA; Schema: public; Owner: jacqui
--

COPY pets (pet_id, first_name, last_name, animal, breed, birthdate, bio, profile_img) FROM stdin;
1	Zoe	Watts	dog	dachshund	2012-01-01 00:00:00	\N	static/test_profile_Zoe.jpg
2	Cali	Watts	cat	calico	2008-01-01 00:00:00	\N	static/test_profile_Cali.jpg
\.


--
-- Name: pets_pet_id_seq; Type: SEQUENCE SET; Schema: public; Owner: jacqui
--

SELECT pg_catalog.setval('pets_pet_id_seq', 2, true);


--
-- Data for Name: pets_users; Type: TABLE DATA; Schema: public; Owner: jacqui
--

COPY pets_users (petuser_id, user_id, pet_id, role) FROM stdin;
1	1	1	secondary
2	2	1	primary
3	1	2	secondary
4	2	2	primary
5	4	1	primary
6	4	2	primary
7	5	1	secondary
8	5	2	secondary
\.


--
-- Name: pets_users_petuser_id_seq; Type: SEQUENCE SET; Schema: public; Owner: jacqui
--

SELECT pg_catalog.setval('pets_users_petuser_id_seq', 8, true);


--
-- Data for Name: users; Type: TABLE DATA; Schema: public; Owner: jacqui
--

COPY users (user_id, first_name, last_name, username, email, password, profile_img, created_at) FROM stdin;
3	J	W	jw	j@test.org	testtest	\N	\N
4	Tom	Watts	tom	tom@test.org	testtest	\N	\N
5	Andrew	Watts	andrew	andrew@test.org	testtest	\N	\N
2	Pam	Watts	pam	pam@test.org	test	static/test_profile_Pam.jpg	\N
1	Jacqui	Watts	jacqui	jacqui@test.org	test	static/test_profile_Jacqui.jpg	\N
\.


--
-- Name: users_user_id_seq; Type: SEQUENCE SET; Schema: public; Owner: jacqui
--

SELECT pg_catalog.setval('users_user_id_seq', 5, true);


--
-- Name: activities activities_pkey; Type: CONSTRAINT; Schema: public; Owner: jacqui
--

ALTER TABLE ONLY activities
    ADD CONSTRAINT activities_pkey PRIMARY KEY (activity_id);


--
-- Name: entries entries_pkey; Type: CONSTRAINT; Schema: public; Owner: jacqui
--

ALTER TABLE ONLY entries
    ADD CONSTRAINT entries_pkey PRIMARY KEY (entry_id);


--
-- Name: pets pets_pkey; Type: CONSTRAINT; Schema: public; Owner: jacqui
--

ALTER TABLE ONLY pets
    ADD CONSTRAINT pets_pkey PRIMARY KEY (pet_id);


--
-- Name: pets_users pets_users_pkey; Type: CONSTRAINT; Schema: public; Owner: jacqui
--

ALTER TABLE ONLY pets_users
    ADD CONSTRAINT pets_users_pkey PRIMARY KEY (petuser_id);


--
-- Name: users users_pkey; Type: CONSTRAINT; Schema: public; Owner: jacqui
--

ALTER TABLE ONLY users
    ADD CONSTRAINT users_pkey PRIMARY KEY (user_id);


--
-- Name: users users_username_key; Type: CONSTRAINT; Schema: public; Owner: jacqui
--

ALTER TABLE ONLY users
    ADD CONSTRAINT users_username_key UNIQUE (username);


--
-- Name: entries entries_activity_id_fkey; Type: FK CONSTRAINT; Schema: public; Owner: jacqui
--

ALTER TABLE ONLY entries
    ADD CONSTRAINT entries_activity_id_fkey FOREIGN KEY (activity_id) REFERENCES activities(activity_id);


--
-- Name: entries entries_pet_id_fkey; Type: FK CONSTRAINT; Schema: public; Owner: jacqui
--

ALTER TABLE ONLY entries
    ADD CONSTRAINT entries_pet_id_fkey FOREIGN KEY (pet_id) REFERENCES pets(pet_id);


--
-- Name: entries entries_user_id_fkey; Type: FK CONSTRAINT; Schema: public; Owner: jacqui
--

ALTER TABLE ONLY entries
    ADD CONSTRAINT entries_user_id_fkey FOREIGN KEY (user_id) REFERENCES users(user_id);


--
-- Name: pets_users pets_users_pet_id_fkey; Type: FK CONSTRAINT; Schema: public; Owner: jacqui
--

ALTER TABLE ONLY pets_users
    ADD CONSTRAINT pets_users_pet_id_fkey FOREIGN KEY (pet_id) REFERENCES pets(pet_id);


--
-- Name: pets_users pets_users_user_id_fkey; Type: FK CONSTRAINT; Schema: public; Owner: jacqui
--

ALTER TABLE ONLY pets_users
    ADD CONSTRAINT pets_users_user_id_fkey FOREIGN KEY (user_id) REFERENCES users(user_id);


--
-- PostgreSQL database dump complete
--

